{
"type": "FeatureCollection",
"name": "regions",
"crs": { "type": "name", "properties": { "name": "urn:ogc:def:crs:OGC:1.3:CRS84" } },
"features": [
{ "type": "Feature", "properties": { "area_km2": 278.1497, "name": "reservoir_bed", "code": 1 }, "geometry": { "type": "Polygon", "coordinates": [ [ [ 34.228809526714507, 47.582589335421901 ], [ 34.228807421283243, 47.582499377694518 ], [ 34.229073333834506, 47.582496528339391 ], [ 34.229054381315805, 47.581686908806262 ], [ 34.228788472862448, 47.58168975808109 ], [ 34.228782156906391, 47.581419884849822 ], [ 34.228250342608732, 47.581425581497065 ], [ 34.228244029476585, 47.581155708198871 ], [ 34.22797812363229, 47.581158555571314 ], [ 34.227971811958092, 47.580888682232974 ], [ 34.227440002878573, 47.580894375075523 ], [ 34.227433694028157, 47.580624501670307 ], [ 34.226635984199866, 47.58063303623188 ], [ 34.226629679539002, 47.580363162733079 ], [ 34.226363777547022, 47.580366006327679 ], [ 34.226338565286099, 47.579286512091663 ], [ 34.225806772106054, 47.579292197218408 ], [ 34.225794171990024, 47.578752449913196 ], [ 34.225528278070243, 47.578755291498808 ], [ 34.22549048812084, 47.577136049101568 ], [ 34.225756373846608, 47.577133207676148 ], [ 34.22574587494919, 47.576683418080293 ], [ 34.225878816658778, 47.576681997158758 ], [ 34.225870416814168, 47.576322165473073 ], [ 34.226136298381967, 47.576319323203471 ], [ 34.226129997240143, 47.576049449450302 ], [ 34.226661757522159, 47.57604376311599 ], [ 34.226655453741174, 47.575773889402839 ], [ 34.226921332455397, 47.575771045338143 ], [ 34.226915027400835, 47.575501171638322 ], [ 34.227446781975701, 47.575495481713901 ], [ 34.227440474282119, 47.575225608054154 ], [ 34.227706350142768, 47.57522276219445 ], [ 34.227700041175716, 47.57495288854804 ], [ 34.228231790043445, 47.574947195033651 ], [ 34.228225478437508, 47.574677321427345 ], [ 34.229023097336032, 47.574668776614949 ], [ 34.229016781725889, 47.574398903075519 ], [ 34.230080267555934, 47.574387501473488 ], [ 34.230073946576326, 47.574117628027786 ], [ 34.230605686514835, 47.574111923583565 ], [ 34.23059725504443, 47.573752092373248 ], [ 34.230730189093208, 47.573750665894984 ], [ 34.23072597296435, 47.573570750289832 ], [ 34.230460105766781, 47.573573603074472 ], [ 34.230453783015676, 47.573303729628769 ], [ 34.230985514639187, 47.573298023496996 ], [ 34.230960213634418, 47.572218529794668 ], [ 34.2304284929331, 47.572224235711992 ], [ 34.23042217064291, 47.571954362199307 ], [ 34.230953888613776, 47.571948656335593 ], [ 34.230943347117652, 47.571498867207339 ], [ 34.231209203766277, 47.57149601339605 ], [ 34.231202877626387, 47.571226139928051 ], [ 34.231734588070303, 47.571220430510905 ], [ 34.231728259292353, 47.570950557083151 ], [ 34.231994113087644, 47.570947701477316 ], [ 34.231975123212074, 47.570138081194145 ], [ 34.232506822488965, 47.570132368295305 ], [ 34.232483603758688, 47.569142832426671 ], [ 34.232616526049696, 47.569141403866155 ], [ 34.232614415090076, 47.569051446055454 ], [ 34.232215648868795, 47.569055731261578 ], [ 34.232213538601933, 47.568965773435963 ], [ 34.232346460458459, 47.568964345192398 ], [ 34.23230425272515, 47.567165188457032 ], [ 34.232835921849656, 47.567159474300652 ], [ 34.232829588313791, 47.566889600792656 ], [ 34.232297921918978, 47.566895314895348 ], [ 34.232291591205097, 47.566625441320276 ], [ 34.232025759310986, 47.566628297420827 ], [ 34.232019430054216, 47.566358423805532 ], [ 34.23148776887259, 47.566364134105093 ], [ 34.231481442437676, 47.56609426042273 ], [ 34.231215613150162, 47.566097114621755 ], [ 34.231209288172252, 47.565827240899196 ], [ 34.230677632203822, 47.565832947395762 ], [ 34.230671310047626, 47.565563073606178 ], [ 34.230405483366724, 47.565565925903741 ], [ 34.230399162667432, 47.565296052073954 ], [ 34.230000424616378, 47.565300329325211 ], [ 34.229998318419455, 47.565210371365573 ], [ 34.229865405942761, 47.565211796803567 ], [ 34.229859088095743, 47.564941922902342 ], [ 34.229593264476357, 47.564944773289582 ], [ 34.229586948086137, 47.564674899348176 ], [ 34.229055303453968, 47.564680598221322 ], [ 34.229048989885179, 47.564410724212991 ], [ 34.228783168872397, 47.564413572698911 ], [ 34.228764232812189, 47.563603950513226 ], [ 34.22823259885174, 47.563609645476795 ], [ 34.228219980730032, 47.563069897179012 ], [ 34.227954166417653, 47.563072743683442 ], [ 34.227903708525531, 47.560913749742511 ], [ 34.228302413604936, 47.560909480075821 ], [ 34.228289795958183, 47.560369731536859 ], [ 34.229087197654735, 47.560361188207047 ], [ 34.229080884876247, 47.560091313997731 ], [ 34.22921378444105, 47.560089889583963 ], [ 34.229215888917707, 47.560179847650758 ], [ 34.230943585285203, 47.560161316203605 ], [ 34.230937263017701, 47.559891442172855 ], [ 34.233329442851463, 47.559865740533517 ], [ 34.233323108397308, 47.559595866730824 ], [ 34.234917884920876, 47.559578704753925 ], [ 34.23492422756086, 47.559848578395382 ], [ 34.235721619360909, 47.559839989012758 ], [ 34.235717388195368, 47.559660073307079 ], [ 34.235850286337964, 47.559658641213439 ], [ 34.235848170543228, 47.559568683362848 ], [ 34.23744294472359, 47.559551486284668 ], [ 34.237432352261408, 47.559101697278649 ], [ 34.237698145540278, 47.559098828988525 ], [ 34.237691788822247, 47.558828955593995 ], [ 34.238223372527948, 47.558823217220258 ], [ 34.238217013174136, 47.558553343866244 ], [ 34.238482803600967, 47.558550473782645 ], [ 34.238476442975653, 47.558280600442181 ], [ 34.23900802097728, 47.558274858481575 ], [ 34.239001657716322, 47.558004985181647 ], [ 34.239267445291127, 47.55800211330466 ], [ 34.239261080758766, 47.557732240018296 ], [ 34.239792653056334, 47.557726494470948 ], [ 34.239786285888471, 47.557456621225171 ], [ 34.240583639933007, 47.557447998366911 ], [ 34.240577268765612, 47.557178125188727 ], [ 34.242039076046261, 47.557162302370429 ], [ 34.242045454716276, 47.557432175399946 ], [ 34.242577023418512, 47.557426416975581 ], [ 34.24258340490978, 47.557696289937581 ], [ 34.243380761745421, 47.557687647601611 ], [ 34.243374376161768, 47.55741777472079 ], [ 34.244171728532692, 47.557409126924178 ], [ 34.244165338949806, 47.557139254111185 ], [ 34.244431121626555, 47.55713637030788 ], [ 34.244424730772721, 47.55686649750858 ], [ 34.244956293273844, 47.556860728108909 ], [ 34.244949899785041, 47.556590855350407 ], [ 34.245215679609409, 47.556587969754062 ], [ 34.245205021728445, 47.556138181838577 ], [ 34.245736576706108, 47.55613240888907 ], [ 34.245723782134732, 47.555592663449765 ], [ 34.245989556833401, 47.555589776105663 ], [ 34.245976759907116, 47.555050030666969 ], [ 34.246508303724262, 47.555044254240151 ], [ 34.246497635357599, 47.554594466424028 ], [ 34.246630520149374, 47.554593021955121 ], [ 34.246628386279824, 47.554503064391945 ], [ 34.245963963353901, 47.554510285174615 ], [ 34.245957565217189, 47.554240412408319 ], [ 34.246090449141157, 47.554238968573188 ], [ 34.246032863970228, 47.551810113194911 ], [ 34.245501352760385, 47.551815887123624 ], [ 34.245494957601743, 47.551546014182499 ], [ 34.245229203298365, 47.551548900196295 ], [ 34.245222809596605, 47.551279027214633 ], [ 34.244558427066146, 47.551286239487951 ], [ 34.244556296989323, 47.551196281801829 ], [ 34.244423420679453, 47.551197723790246 ], [ 34.244417031192889, 47.550927850709421 ], [ 34.243088274343506, 47.550942261993413 ], [ 34.24308189176822, 47.550672388763772 ], [ 34.242816141637903, 47.55067526914663 ], [ 34.242809760519258, 47.550405395876517 ], [ 34.24201251397114, 47.550414033250298 ], [ 34.242006137036284, 47.550144159885612 ], [ 34.239880155333069, 47.550167165579296 ], [ 34.239873789399788, 47.549897291985069 ], [ 34.238146436185616, 47.549915954925353 ], [ 34.238142198190431, 47.549736039071533 ], [ 34.238275071121876, 47.549734604393137 ], [ 34.238272951912464, 47.549644646468494 ], [ 34.236811351600373, 47.549660419417009 ], [ 34.236805001533426, 47.549390545485927 ], [ 34.236273512929351, 47.549396276432752 ], [ 34.236267165682023, 47.549126402434425 ], [ 34.236001422681838, 47.549129266957543 ], [ 34.235995076890539, 47.548859392918899 ], [ 34.235862206056787, 47.548860824936149 ], [ 34.235860091040827, 47.54877086691581 ], [ 34.235195737854191, 47.548778024671236 ], [ 34.235189396276674, 47.548508150534026 ], [ 34.234392176204281, 47.548516734681343 ], [ 34.234385838809608, 47.548246860450085 ], [ 34.233854361283001, 47.54825258008335 ], [ 34.233848026707598, 47.547982705784946 ], [ 34.233582289246193, 47.547985564651377 ], [ 34.233575956126543, 47.547715690312735 ], [ 34.232778747586515, 47.547724263138043 ], [ 34.232772418649418, 47.547454388705447 ], [ 34.232240948811224, 47.547460100790872 ], [ 34.232234622693163, 47.547190226291207 ], [ 34.231968889075993, 47.547193081383753 ], [ 34.231962564413507, 47.546923206843886 ], [ 34.23063390253018, 47.546937472939376 ], [ 34.230621267115254, 47.546397723551379 ], [ 34.23035553734249, 47.546400574870262 ], [ 34.230349221136464, 47.546130700129382 ], [ 34.229817764194827, 47.546136400866999 ], [ 34.229811450807475, 47.54586652605915 ], [ 34.229545723638616, 47.545869375477906 ], [ 34.229539411706561, 47.545599500629898 ], [ 34.229007959972762, 47.545605197567319 ], [ 34.228995341837653, 47.545065447724049 ], [ 34.228198172110012, 47.545073988353323 ], [ 34.228191867270077, 47.544804113331359 ], [ 34.22792614530907, 47.544806958950041 ], [ 34.227919841924226, 47.54453708388796 ], [ 34.227388400606145, 47.544542773225359 ], [ 34.227375799564797, 47.544003022954087 ], [ 34.227110081570899, 47.54400586664611 ], [ 34.227103782551112, 47.54373599146367 ], [ 34.226705207528497, 47.54374025580762 ], [ 34.22670310855721, 47.543650297397143 ], [ 34.22657025042313, 47.543651718532928 ], [ 34.226563954252008, 47.543381843279207 ], [ 34.226298239316392, 47.543384685062492 ], [ 34.226291944600142, 47.543114809768682 ], [ 34.225760517332823, 47.543120491435438 ], [ 34.225754225434486, 47.542850616074865 ], [ 34.225488513102775, 47.542853455958372 ], [ 34.225475932307326, 47.542313705143684 ], [ 34.224944512973941, 47.542319382957622 ], [ 34.224938225439786, 47.542049507476847 ], [ 34.225071079606892, 47.542048088267478 ], [ 34.225064791482879, 47.541778212786646 ], [ 34.224400523953079, 47.541785307228174 ], [ 34.224398429067939, 47.541695348709368 ], [ 34.224531282367089, 47.541693930133228 ], [ 34.224508236803445, 47.540704386377001 ], [ 34.224242535192488, 47.540707223277714 ], [ 34.224217401433613, 47.539627720686248 ], [ 34.223686008992715, 47.539633392428286 ], [ 34.223604369824862, 47.53612500683348 ], [ 34.224135726835073, 47.536119335784079 ], [ 34.22412944481453, 47.535849459928642 ], [ 34.223863767692336, 47.535852295734344 ], [ 34.223859580637878, 47.535672378472178 ], [ 34.223992418749866, 47.535670960655111 ], [ 34.223984043854607, 47.535311126130679 ], [ 34.224515392567405, 47.53530545339521 ], [ 34.224490257958038, 47.534225949892203 ], [ 34.224755926803439, 47.534223112708133 ], [ 34.224743357323291, 47.533683360929594 ], [ 34.225141856427797, 47.53367910407983 ], [ 34.22514395199692, 47.533769062699982 ], [ 34.225276785238464, 47.533767643437976 ], [ 34.225245349364471, 47.532418264046157 ], [ 34.225511009005203, 47.532415425194067 ], [ 34.225475376730628, 47.530886128296338 ], [ 34.225608202675993, 47.530884708715149 ], [ 34.225549514280765, 47.528365865952843 ], [ 34.224752596594954, 47.528374380386389 ], [ 34.224740029720628, 47.527834628054123 ], [ 34.224208756507949, 47.527840301160815 ], [ 34.224196195447668, 47.527300548668386 ], [ 34.224063378481041, 47.527301966533955 ], [ 34.224061285233574, 47.527212007775567 ], [ 34.223928468483756, 47.52721342548292 ], [ 34.22391591057437, 47.526673672874722 ], [ 34.221525231854997, 47.526699164831349 ], [ 34.221531498506778, 47.526969041381626 ], [ 34.220203335432331, 47.526983182183514 ], [ 34.220209595365752, 47.527253058853233 ], [ 34.219014241603489, 47.527265772546095 ], [ 34.219020495499322, 47.527535649321869 ], [ 34.218754859856574, 47.527538472921869 ], [ 34.218761112481552, 47.527808349710774 ], [ 34.21796420122444, 47.527816816899488 ], [ 34.217970449854533, 47.528086693754553 ], [ 34.217173534147221, 47.528095155486461 ], [ 34.217179778782295, 47.528365032407628 ], [ 34.216382858624947, 47.528373488682625 ], [ 34.216395339995756, 47.528913242643711 ], [ 34.215864054240555, 47.528918877190456 ], [ 34.215868212962214, 47.529098795200881 ], [ 34.215071281302265, 47.529107242460135 ], [ 34.215077515374198, 47.529377119543966 ], [ 34.214811870044699, 47.52937993409315 ], [ 34.214824335736829, 47.52991968827353 ], [ 34.214558687642686, 47.529922502260405 ], [ 34.214560764839312, 47.530012461294078 ], [ 34.214427940550081, 47.530013868061225 ], [ 34.214432094519552, 47.530193786132905 ], [ 34.213900795445532, 47.530199411698732 ], [ 34.21390702375102, 47.530469288847968 ], [ 34.213641372791322, 47.530472100734507 ], [ 34.213647599825364, 47.530741977896781 ], [ 34.21311629506058, 47.530747599877053 ], [ 34.21312251946091, 47.531017477078748 ], [ 34.212856865655823, 47.531020287172467 ], [ 34.212863088784609, 47.531290164387201 ], [ 34.212331778329037, 47.531295782781783 ], [ 34.212337998823969, 47.531565660035902 ], [ 34.212072342173485, 47.531568468336744 ], [ 34.212078561396773, 47.531838345603859 ], [ 34.211547245250394, 47.531843960412608 ], [ 34.211553461839692, 47.532113837719095 ], [ 34.211287802343797, 47.532116644226988 ], [ 34.211294017661359, 47.532386521546456 ], [ 34.210762695824158, 47.532392132769225 ], [ 34.210775121281543, 47.53293188747346 ], [ 34.210509457577857, 47.532934692214674 ], [ 34.21051566907996, 47.533204569573073 ], [ 34.210117171405422, 47.533208775570799 ], [ 34.210123380954421, 47.533478652955324 ], [ 34.20959204785612, 47.533484258851537 ], [ 34.209598254770739, 47.533754136275356 ], [ 34.209332586798858, 47.533756938326881 ], [ 34.209338792441471, 47.534026815763646 ], [ 34.20880745365222, 47.53403241807348 ], [ 34.208813656660311, 47.534302295549502 ], [ 34.208547985842941, 47.534305095807809 ], [ 34.20855418757894, 47.534574973296763 ], [ 34.208288515358909, 47.534577772966081 ], [ 34.208286448557708, 47.534487813795806 ], [ 34.208020776751688, 47.534490612841061 ], [ 34.208026975822904, 47.534760490373699 ], [ 34.207761302614223, 47.534763288829957 ], [ 34.207767500413247, 47.535033166375491 ], [ 34.207236151150404, 47.535038761494668 ], [ 34.207242346314644, 47.535308639079389 ], [ 34.206976670260474, 47.535311435742301 ], [ 34.206982864152423, 47.535581313339925 ], [ 34.206451509198601, 47.535586904872318 ], [ 34.206457700455623, 47.535856782509107 ], [ 34.206192021555964, 47.535859577378595 ], [ 34.206198211540595, 47.536129455028259 ], [ 34.205932531238226, 47.536132249308665 ], [ 34.205936657036332, 47.536312167751838 ], [ 34.205803816415909, 47.536313564670046 ], [ 34.20580587910289, 47.536403523893796 ], [ 34.205008833807312, 47.536411902198751 ], [ 34.205015017840395, 47.536681779939741 ], [ 34.204483651384415, 47.536687362452149 ], [ 34.204496014270191, 47.537227117998917 ], [ 34.204230328256763, 47.537229908384546 ], [ 34.204236508472057, 47.537499786164091 ], [ 34.203705133599676, 47.537505365141683 ], [ 34.203711311179546, 47.537775242960244 ], [ 34.203445622320594, 47.537778031552207 ], [ 34.203451798627739, 47.538047909383614 ], [ 34.202654727722589, 47.538056271545827 ], [ 34.20266090003139, 47.538326149442419 ], [ 34.202129516502488, 47.538331721192712 ], [ 34.20213568617563, 47.538601599128278 ], [ 34.201338606494168, 47.538609952216845 ], [ 34.201344772168746, 47.53887983021751 ], [ 34.200813382789079, 47.538885395918591 ], [ 34.20081543712535, 47.538975355266594 ], [ 34.200682589528341, 47.538976746311604 ], [ 34.200686697776526, 47.539156665011895 ], [ 34.20042100164401, 47.539159446657777 ], [ 34.200418947969212, 47.539069487299663 ], [ 34.200153252251077, 47.539072268321441 ], [ 34.200159411942529, 47.539342146417447 ], [ 34.199362320460175, 47.539350485868745 ], [ 34.199368476152749, 47.539620364029723 ], [ 34.19830568149991, 47.539631474786866 ], [ 34.198311831830551, 47.539901353038879 ], [ 34.197514731333875, 47.539909679723159 ], [ 34.197520877665369, 47.540179558040016 ], [ 34.196723772721597, 47.540187879263733 ], [ 34.196729915053801, 47.540457757645406 ], [ 34.195401399203831, 47.540471614173327 ], [ 34.195407534810684, 47.540741492671813 ], [ 34.19461042073479, 47.54074979928145 ], [ 34.194616552342069, 47.541019677844609 ], [ 34.192358048934544, 47.541043183379983 ], [ 34.192364169045504, 47.5413130621506 ], [ 34.192098461210833, 47.541315824610301 ], [ 34.192096421618281, 47.541225865012926 ], [ 34.190767884122351, 47.541239668036468 ], [ 34.190773996114523, 47.541509546953804 ], [ 34.189976869052693, 47.541517821460282 ], [ 34.189982977044757, 47.541787700442008 ], [ 34.188388713674719, 47.54180423299298 ], [ 34.188382613861052, 47.541534353855937 ], [ 34.183466984741116, 47.541585189264474 ], [ 34.183464959895197, 47.541495229389973 ], [ 34.181870701633663, 47.541511671261716 ], [ 34.181876768022448, 47.541781551035257 ], [ 34.17948536571064, 47.541806172530585 ], [ 34.17947931158961, 47.541536292525734 ], [ 34.179213601388525, 47.541539025144424 ], [ 34.179219654146472, 47.54180890517496 ], [ 34.177625383938405, 47.541825288116314 ], [ 34.177619339358998, 47.541555407931874 ], [ 34.176822207815547, 47.541563591016825 ], [ 34.176816167413463, 47.541293710742174 ], [ 34.176284748914995, 47.541299163003593 ], [ 34.176278711327051, 47.541029282664368 ], [ 34.175481587375238, 47.541037456363775 ], [ 34.17547555396439, 47.540767575934417 ], [ 34.174678433749968, 47.540775744017999 ], [ 34.174676423995585, 47.540685783846328 ], [ 34.174277864438068, 47.5406898657982 ], [ 34.17427183727802, 47.54041998523595 ], [ 34.174006132220555, 47.54042270574233 ], [ 34.174002115071318, 47.540242785343054 ], [ 34.174134967150593, 47.54024142517531 ], [ 34.174132958363451, 47.540151464977718 ], [ 34.173202995193783, 47.540160982891031 ], [ 34.173196973661319, 47.53989110219991 ], [ 34.172665568647204, 47.539896537571551 ], [ 34.172659549928412, 47.539626656816019 ], [ 34.171862446203761, 47.539634805181201 ], [ 34.17185643166151, 47.539364924335793 ], [ 34.171590731704967, 47.539367639201146 ], [ 34.171584718613289, 47.539097758316885 ], [ 34.17105332130923, 47.539103186150371 ], [ 34.171047311030989, 47.53883330520177 ], [ 34.170781613683459, 47.538836018169896 ], [ 34.170775604855692, 47.538566137182464 ], [ 34.170244212769667, 47.538571561221545 ], [ 34.170232200828266, 47.538031799104765 ], [ 34.169435120584616, 47.538039930395051 ], [ 34.169423117170233, 47.537500168072135 ], [ 34.169157426403565, 47.53750287722054 ], [ 34.169151426190354, 47.537232996013621 ], [ 34.16862004726601, 47.537238412413402 ], [ 34.168614049865795, 47.536968531142264 ], [ 34.168746893930063, 47.536967177285803 ], [ 34.168740895935869, 47.536697296014061 ], [ 34.168076678924301, 47.53670406369433 ], [ 34.168074680747942, 47.536614103246258 ], [ 34.168207523942549, 47.536612750022122 ], [ 34.16819153706416, 47.535893066418083 ], [ 34.167925854299135, 47.535895772644707 ], [ 34.167907873891508, 47.535086128400515 ], [ 34.168173552568575, 47.535083422250153 ], [ 34.168167557911438, 47.534813540834172 ], [ 34.167901880596979, 47.53481624695911 ], [ 34.167895887389797, 47.534546365504383 ], [ 34.167098859301362, 47.534554480110998 ], [ 34.167092870269236, 47.534284598566693 ], [ 34.166561520741482, 47.534290005177048 ], [ 34.166549548389249, 47.533750241946841 ], [ 34.167080892466821, 47.533744835438078 ], [ 34.167062926417735, 47.532935190645119 ], [ 34.165468918244848, 47.532951402330873 ], [ 34.165462937911116, 47.532681520554249 ], [ 34.16493160426846, 47.532686919476504 ], [ 34.164925626746765, 47.532417037635817 ], [ 34.164659961229809, 47.532419736148661 ], [ 34.164653985157642, 47.532149854269299 ], [ 34.164388320964399, 47.532152552141518 ], [ 34.164386329413837, 47.53206259150366 ], [ 34.164120665636034, 47.532065288752158 ], [ 34.164126638954336, 47.532335170686643 ], [ 34.163063978006683, 47.532345953629275 ], [ 34.16306994596227, 47.532615835651733 ], [ 34.160280443728105, 47.532644094303677 ], [ 34.160274490078201, 47.532374212015746 ], [ 34.158680495066882, 47.532390329208894 ], [ 34.158686440542063, 47.532660211648249 ], [ 34.158155105838574, 47.53266557917415 ], [ 34.158161048675453, 47.532935461650609 ], [ 34.157895379903493, 47.532938144515846 ], [ 34.157907263112044, 47.533477909479153 ], [ 34.157375920002664, 47.533483273464526 ], [ 34.15738185901175, 47.533753155976591 ], [ 34.157116186036816, 47.53375583707151 ], [ 34.157122123769895, 47.534025719595434 ], [ 34.156590774979556, 47.534031079989688 ], [ 34.156596710073998, 47.534300962550667 ], [ 34.156331034258592, 47.534303641849981 ], [ 34.156336968076928, 47.53457352442279 ], [ 34.155938452237848, 47.534577542255796 ], [ 34.155936474970098, 47.53448758138709 ], [ 34.155803636564968, 47.534488920352906 ], [ 34.155809567715728, 47.534758802967154 ], [ 34.155411050398783, 47.534762818979324 ], [ 34.155416979592026, 47.535032701617972 ], [ 34.154619940611049, 47.535040729564244 ], [ 34.154625865802728, 47.535310612265 ], [ 34.153563141173564, 47.535321307679105 ], [ 34.15356906100088, 47.535591190467002 ], [ 34.152772013038344, 47.535599205641759 ], [ 34.152777928863827, 47.535869088491637 ], [ 34.152246560638474, 47.535874428914873 ], [ 34.152252473824731, 47.536144311801614 ], [ 34.151986788291872, 47.536146981115273 ], [ 34.151992700201561, 47.536416864013752 ], [ 34.151727013267674, 47.536419532737121 ], [ 34.151732923900752, 47.536689415647366 ], [ 34.151467235565818, 47.53669208378043 ], [ 34.15147314492225, 47.536961966702421 ], [ 34.151207455186253, 47.536964634245166 ], [ 34.151213363266002, 47.537234517178888 ], [ 34.150681980953614, 47.537239850468353 ], [ 34.150687886393811, 47.537509733438853 ], [ 34.150289347514871, 47.53751373182812 ], [ 34.150295250996862, 47.537783614822864 ], [ 34.150029557000259, 47.537786279671501 ], [ 34.150035459205412, 47.538056162677975 ], [ 34.149504068371783, 47.538061490579096 ], [ 34.149509967937185, 47.538331373622292 ], [ 34.149244271100159, 47.538334036674762 ], [ 34.149256067763055, 47.538873802771256 ], [ 34.148990368161982, 47.53887646525834 ], [ 34.146478186804998, 47.423545221611434 ], [ 34.147936340722559, 47.423530629009342 ], [ 34.147930472843093, 47.423260740388514 ], [ 34.148990942280712, 47.423250116040563 ], [ 34.148985069068807, 47.422980227506187 ], [ 34.149780416684905, 47.422972252884108 ], [ 34.149774539495148, 47.422702364411329 ], [ 34.150569882705902, 47.422694384347686 ], [ 34.150564001538427, 47.422424495936504 ], [ 34.151757009617867, 47.422412515610198 ], [ 34.151751122441212, 47.422142627298236 ], [ 34.152281345298114, 47.422137298774743 ], [ 34.152275455498383, 47.421867410499488 ], [ 34.153335895337619, 47.421856746197541 ], [ 34.153330000206196, 47.421586858009121 ], [ 34.154920650695203, 47.42157084331901 ], [ 34.154914747523613, 47.421300955267661 ], [ 34.155047300991868, 47.421299619726717 ], [ 34.155049268931904, 47.421389582407798 ], [ 34.156242251748026, 47.421377555606391 ], [ 34.156236341862176, 47.421107667671656 ], [ 34.157296764965203, 47.421096966862571 ], [ 34.157294793216643, 47.421007004248189 ], [ 34.157427345835785, 47.421005665961729 ], [ 34.157423401915935, 47.420825740736923 ], [ 34.158218714721365, 47.42081770785073 ], [ 34.158212794850527, 47.420547820077843 ], [ 34.159273205971445, 47.42053710108307 ], [ 34.159267280769782, 47.420267213397523 ], [ 34.15979748339192, 47.420261850273178 ], [ 34.159791555568042, 47.419991962624664 ], [ 34.160056655467393, 47.419989280168352 ], [ 34.160050726375559, 47.419719392531711 ], [ 34.160846021780991, 47.419711341561147 ], [ 34.160840088712895, 47.419441453986785 ], [ 34.161370282749694, 47.41943608365915 ], [ 34.161364347059617, 47.419166196121878 ], [ 34.162159633764475, 47.419158136109679 ], [ 34.162153694098365, 47.418888248634772 ], [ 34.163479164400883, 47.418874803150239 ], [ 34.163481146536853, 47.41896476560126 ], [ 34.164939165241883, 47.418949957825866 ], [ 34.164933211415196, 47.418680070607408 ], [ 34.165198304246012, 47.418677376318144 ], [ 34.165192349151852, 47.418407489111651 ], [ 34.165987623350958, 47.418399402642756 ], [ 34.16598166428124, 47.418129515498869 ], [ 34.166776934071358, 47.418121423590414 ], [ 34.166770971026196, 47.417851536509176 ], [ 34.167566236407161, 47.417843439161288 ], [ 34.167560269386676, 47.41757355214277 ], [ 34.168355530358326, 47.417565449355543 ], [ 34.168349559362646, 47.417295562399786 ], [ 34.169277358651371, 47.41728610226604 ], [ 34.169271383003625, 47.417016215385779 ], [ 34.170066635098173, 47.417008100801006 ], [ 34.170060655475481, 47.416738213983621 ], [ 34.170855903160174, 47.416730093959835 ], [ 34.17084991956267, 47.416460207205361 ], [ 34.171115000692936, 47.416457499330605 ], [ 34.171109015828563, 47.41618761258821 ], [ 34.17190425492538, 47.416179485363493 ], [ 34.171900262356381, 47.415999560912056 ], [ 34.172695498396891, 47.415991428223158 ], [ 34.172689505554352, 47.415721541611241 ], [ 34.174014891410707, 47.415707975001524 ], [ 34.174008891886075, 47.41543808850367 ], [ 34.175201732235301, 47.415425865571635 ], [ 34.175195726705688, 47.415155979175225 ], [ 34.175990949106883, 47.415147823736802 ], [ 34.175984939603204, 47.414877937403638 ], [ 34.176780157593264, 47.414869776526992 ], [ 34.17677414411564, 47.414599890257122 ], [ 34.177569357694395, 47.414591723942358 ], [ 34.177563340242962, 47.414321837735827 ], [ 34.178358549410241, 47.414313665983073 ], [ 34.178352527985105, 47.414043779839943 ], [ 34.178617596275934, 47.414041054722453 ], [ 34.178611573584682, 47.413771168591566 ], [ 34.179936907685907, 47.413757533941158 ], [ 34.179932888094726, 47.413577609931842 ], [ 34.180065421000023, 47.413576245632832 ], [ 34.180063410993441, 47.413486283630228 ], [ 34.180195943663378, 47.413484919182316 ], [ 34.180197953895579, 47.413574881180644 ], [ 34.180595552523755, 47.413570786904998 ], [ 34.180589519825858, 47.41330090094398 ], [ 34.18191484118401, 47.413287243529957 ], [ 34.181908801805541, 47.413017357683842 ], [ 34.182703990090936, 47.41300915595982 ], [ 34.182697946739403, 47.412739270177383 ], [ 34.183758191824943, 47.412728326070152 ], [ 34.183752143146847, 47.412458440377129 ], [ 34.184282262747772, 47.412452964698709 ], [ 34.184276211450467, 47.412183079043771 ], [ 34.185336444768353, 47.412172120437425 ], [ 34.18533038814477, 47.411902234872031 ], [ 34.188113483409253, 47.411873422159751 ], [ 34.188107412661495, 47.411603536851601 ], [ 34.188637522847785, 47.411598041108967 ], [ 34.188639547322921, 47.41168800286264 ], [ 34.19049493489581, 47.411668748403784 ], [ 34.19048885202514, 47.41139886331915 ], [ 34.192079174575618, 47.411382335757999 ], [ 34.192073083672391, 47.411112450815217 ], [ 34.196181389382119, 47.411069652931161 ], [ 34.196175277588587, 47.410799768376933 ], [ 34.196440327890727, 47.410797002194613 ], [ 34.196434214832649, 47.410527117653011 ], [ 34.197096837031445, 47.410520199581832 ], [ 34.197098875835465, 47.410610161075532 ], [ 34.199616842221594, 47.41058383740161 ], [ 34.199610712981574, 47.410313953163268 ], [ 34.205309226170741, 47.41025417492888 ], [ 34.205315384509362, 47.410524058605858 ], [ 34.205712956541291, 47.410519877424044 ], [ 34.205715010017464, 47.410609838633633 ], [ 34.207172775848882, 47.410594495792225 ], [ 34.207178943781031, 47.410864379267998 ], [ 34.207974092331952, 47.410856002555512 ], [ 34.207980264414189, 47.411125885939249 ], [ 34.209438043268598, 47.411110514167973 ], [ 34.209440103130646, 47.411200475244797 ], [ 34.209307577604584, 47.411201873448746 ], [ 34.209311696907498, 47.411381795606665 ], [ 34.209974326693676, 47.411374803011512 ], [ 34.209978448292347, 47.411554725119707 ], [ 34.209845921903934, 47.411556123953837 ], [ 34.209847982492676, 47.411646085010076 ], [ 34.210245562304692, 47.411641888035085 ], [ 34.210239378538212, 47.411372004901288 ], [ 34.210504430342759, 47.411369206178406 ], [ 34.210510615462731, 47.41163908928592 ], [ 34.211305774696868, 47.411630689362433 ], [ 34.211311963967326, 47.411900572377697 ], [ 34.211577018318856, 47.411897771151551 ], [ 34.211583209032874, 47.412167654127124 ], [ 34.212378375907839, 47.412159246693747 ], [ 34.212384570772542, 47.412429129576971 ], [ 34.212914684529352, 47.412423521505353 ], [ 34.212920882191291, 47.412693404322532 ], [ 34.213716056586627, 47.412684987540949 ], [ 34.213722258399457, 47.4129548702657 ], [ 34.21398731780463, 47.412952063420107 ], [ 34.213993521061276, 47.413221946105111 ], [ 34.214523642458474, 47.41321633052312 ], [ 34.214529848512591, 47.413486213141994 ], [ 34.214662379513619, 47.413484808850377 ], [ 34.214664448443997, 47.413574769715972 ], [ 34.214796979660598, 47.413573365266792 ], [ 34.214803187188735, 47.413843247841427 ], [ 34.215333314662068, 47.413837628460129 ], [ 34.215339524987826, 47.414107510968627 ], [ 34.216134719957623, 47.414099077222154 ], [ 34.216140934434755, 47.414368959638068 ], [ 34.216406000698015, 47.4143661471374 ], [ 34.21641221661924, 47.41463602951351 ], [ 34.21694235173257, 47.414630402621171 ], [ 34.216954789261202, 47.415170167227558 ], [ 34.217219859464997, 47.415167352809441 ], [ 34.217250961638804, 47.416516763958938 ], [ 34.217781115463623, 47.416511133020087 ], [ 34.217787338877571, 47.416781015156957 ], [ 34.21805241708347, 47.41677819874193 ], [ 34.21805864194183, 47.417048080838946 ], [ 34.218588800940601, 47.417042446117691 ], [ 34.218595028597292, 47.417312328148398 ], [ 34.218860109390164, 47.417309509842134 ], [ 34.218866338491353, 47.417579391832987 ], [ 34.219396502664075, 47.417573753329179 ], [ 34.219402734563737, 47.417843635253682 ], [ 34.220197984582342, 47.417835172822592 ], [ 34.220204220634486, 47.418105054654241 ], [ 34.220999474352013, 47.418096586628494 ], [ 34.221005714556746, 47.418366468367246 ], [ 34.221270800402529, 47.418363644439886 ], [ 34.221277042052037, 47.418633526138699 ], [ 34.222072303409107, 47.41862505060022 ], [ 34.222078549211396, 47.418894932206051 ], [ 34.222608725955517, 47.418889278729928 ], [ 34.222614974556699, 47.419159160269288 ], [ 34.223675332976065, 47.419147845857047 ], [ 34.223681587084272, 47.419417727276752 ], [ 34.224079223355794, 47.419413481804419 ], [ 34.224081308755778, 47.419503442261387 ], [ 34.224478945613292, 47.419499195396924 ], [ 34.224485203904983, 47.419769076719 ], [ 34.225280481408994, 47.41976057877369 ], [ 34.225286743853943, 47.420030460002572 ], [ 34.226082025055725, 47.420021956461945 ], [ 34.226088291654051, 47.420291837597567 ], [ 34.226883576553398, 47.420283328461522 ], [ 34.226889847305209, 47.420553209503844 ], [ 34.228215328096901, 47.420539015220356 ], [ 34.228221605710559, 47.420808896115979 ], [ 34.2290168977609, 47.420800372111714 ], [ 34.229023179528305, 47.421070252913879 ], [ 34.229818475275486, 47.421061723313876 ], [ 34.229824761196753, 47.421331604022527 ], [ 34.230089861052022, 47.421328759570109 ], [ 34.230096148418916, 47.421598640238649 ], [ 34.230891451803267, 47.421590103124061 ], [ 34.230897743324213, 47.421859983699022 ], [ 34.231693050404999, 47.421851440988426 ], [ 34.231699346080113, 47.422121321469767 ], [ 34.232494656857135, 47.422112773163065 ], [ 34.232500956686522, 47.422382653550727 ], [ 34.232898613968906, 47.422378377288759 ], [ 34.232900714609528, 47.422468337401611 ], [ 34.233298372477329, 47.422464059747277 ], [ 34.233304676491692, 47.422733940036736 ], [ 34.233834889547921, 47.422728234298958 ], [ 34.23384119636254, 47.422998114521427 ], [ 34.234769073558311, 47.42298812348745 ], [ 34.23477117743024, 47.423078083527351 ], [ 34.234638623350016, 47.423079511282054 ], [ 34.234642830673046, 47.423259431366326 ], [ 34.23583582109049, 47.423246575977458 ], [ 34.235842138245921, 47.423516455971971 ], [ 34.236637468794285, 47.423507878737077 ], [ 34.236643790104594, 47.423777758637613 ], [ 34.236908901559957, 47.423774898306668 ], [ 34.236915224316576, 47.424044778166937 ], [ 34.237445449813315, 47.42403905561256 ], [ 34.237439124348022, 47.423769175806022 ], [ 34.237704235680702, 47.423766313636342 ], [ 34.23771056250034, 47.424036193416001 ], [ 34.238240787751629, 47.424030467184153 ], [ 34.238247117372026, 47.424300346896615 ], [ 34.239042459005027, 47.424291752871284 ], [ 34.239048792780636, 47.424561632489635 ], [ 34.239313907930772, 47.424558766561788 ], [ 34.239320243152918, 47.424828646139808 ], [ 34.240115592420665, 47.424820044597922 ], [ 34.240121931798221, 47.425089924081767 ], [ 34.240652167147246, 47.425084186602 ], [ 34.240658509325897, 47.425354066018542 ], [ 34.240923628293324, 47.425351196332301 ], [ 34.240929971918696, 47.425621075708484 ], [ 34.241460212439357, 47.425615334443279 ], [ 34.241466558865959, 47.425885213752139 ], [ 34.2417316804192, 47.425882342173153 ], [ 34.241733796366752, 47.425972301930791 ], [ 34.242529162134616, 47.425963683489186 ], [ 34.242535514102293, 47.426233562672245 ], [ 34.243065760451152, 47.42622781392577 ], [ 34.243072115220258, 47.426497693041412 ], [ 34.243867488498822, 47.426489065243516 ], [ 34.243873847423963, 47.426758944264733 ], [ 34.244138973122446, 47.426756067079147 ], [ 34.244145333494657, 47.427025946059928 ], [ 34.244940714406901, 47.427017310744304 ], [ 34.24494707893534, 47.427287189630576 ], [ 34.245477335380173, 47.427281429634547 ], [ 34.245483702710374, 47.427551308453296 ], [ 34.246279091132521, 47.427542663780756 ], [ 34.246285462619149, 47.427812542504896 ], [ 34.247080854734257, 47.427803892234294 ], [ 34.247087230377431, 47.428073770863797 ], [ 34.247352362354626, 47.428070886187186 ], [ 34.247358739445204, 47.428340764776166 ], [ 34.248154139193218, 47.428332106987128 ], [ 34.248160520440535, 47.428601985481379 ], [ 34.248690789442186, 47.428596210502803 ], [ 34.248697173491685, 47.428866088929389 ], [ 34.248962309285254, 47.428863200493474 ], [ 34.248968694782327, 47.429133078879538 ], [ 34.249764105979295, 47.429124409812303 ], [ 34.249770495633392, 47.429394288103531 ], [ 34.250300772267522, 47.429388505606013 ], [ 34.250307164724035, 47.429658383829505 ], [ 34.250572304333815, 47.429655491634058 ], [ 34.250578698238087, 47.429925369816971 ], [ 34.250711268704841, 47.429923923475776 ], [ 34.250713400252735, 47.430013882862568 ], [ 34.251111112268333, 47.430009542905871 ], [ 34.251117509006193, 47.430279421016543 ], [ 34.251912936822414, 47.430270736883628 ], [ 34.251919337717702, 47.430540614899328 ], [ 34.252184481595116, 47.430537718935099 ], [ 34.25219088393834, 47.430807596910171 ], [ 34.252721174278548, 47.430801803088166 ], [ 34.252727579424572, 47.431071680995387 ], [ 34.252992725887374, 47.431068783137597 ], [ 34.252999132481435, 47.431338661004204 ], [ 34.253529427992397, 47.431332863395028 ], [ 34.253535837389393, 47.431602741193743 ], [ 34.254331284409503, 47.431594040100329 ], [ 34.254337697964388, 47.431863917803923 ], [ 34.254602848243032, 47.431861016186083 ], [ 34.254609263246131, 47.432130893848985 ], [ 34.255139566388713, 47.43212508871958 ], [ 34.255145984194996, 47.432394966314533 ], [ 34.255411137058942, 47.432392062802954 ], [ 34.255417556313539, 47.432661940357228 ], [ 34.255947864626741, 47.432656131440268 ], [ 34.255954286684641, 47.43292600892655 ], [ 34.256749752907773, 47.432917290871139 ], [ 34.256756179124025, 47.433187168262123 ], [ 34.257021335803593, 47.433184260990153 ], [ 34.257027763468344, 47.433454138340402 ], [ 34.257823237322548, 47.43344541276403 ], [ 34.257829669145828, 47.43371529001891 ], [ 34.258625146690669, 47.433706558842637 ], [ 34.258631582672614, 47.433976436002084 ], [ 34.259559644077342, 47.43396624255999 ], [ 34.259568231855795, 47.434326078624046 ], [ 34.26036371807389, 47.434317335300655 ], [ 34.260370163082264, 47.434587212250925 ], [ 34.261165652990393, 47.434578463327334 ], [ 34.261172102157794, 47.434848340182 ], [ 34.26196759575577, 47.434839585658111 ], [ 34.261974049082298, 47.435109462417117 ], [ 34.262769546369931, 47.435100702292829 ], [ 34.262776003855713, 47.435370578956125 ], [ 34.263041170889856, 47.435367657661004 ], [ 34.26304762982474, 47.435637534283437 ], [ 34.265434143447351, 47.435611214788985 ], [ 34.265440614672549, 47.435881091150812 ], [ 34.267959721581256, 47.435853255321128 ], [ 34.267961882968571, 47.43594321401828 ], [ 34.268359637022797, 47.435938813815056 ], [ 34.26836612328038, 47.436208689856201 ], [ 34.270752657818981, 47.436182259417635 ], [ 34.270759156367561, 47.436452135197129 ], [ 34.272747942713245, 47.436430071685855 ], [ 34.272741434000878, 47.436160196113583 ], [ 34.273006603979638, 47.436157251733839 ], [ 34.273000094006839, 47.435887376175764 ], [ 34.275386609723682, 47.435860849415583 ], [ 34.275380087649488, 47.435590974093202 ], [ 34.276043004688056, 47.435583596804115 ], [ 34.276045179831506, 47.43567355522331 ], [ 34.276708097735565, 47.435666174079039 ], [ 34.276701568949107, 47.435396298886296 ], [ 34.277762231626212, 47.435384481195726 ], [ 34.277757875541127, 47.435204564467085 ], [ 34.277890457876538, 47.435203086575243 ], [ 34.277888279623994, 47.43511312821331 ], [ 34.278948936120074, 47.435101299597548 ], [ 34.278942396005597, 47.434831424613847 ], [ 34.279472721289771, 47.434825506682834 ], [ 34.279466178560384, 47.434555631741254 ], [ 34.279731339783964, 47.434552671883878 ], [ 34.279718251900796, 47.434012922015974 ], [ 34.28024856880095, 47.434007000573104 ], [ 34.280242022292249, 47.433737125674583 ], [ 34.280507179323848, 47.433734164061327 ], [ 34.280500631555448, 47.433464289177159 ], [ 34.281296098331275, 47.433455400742318 ], [ 34.281282994950757, 47.432915651100579 ], [ 34.281813300503103, 47.432909722523299 ], [ 34.281800192084383, 47.4323699729391 ], [ 34.282197917072736, 47.432365524980369 ], [ 34.282191360974153, 47.432095650209845 ], [ 34.282456509558536, 47.432092684165575 ], [ 34.282449952200515, 47.431822809409461 ], [ 34.282980246532397, 47.431816875537443 ], [ 34.282973686560169, 47.431547000823613 ], [ 34.283238832307667, 47.431544032995909 ], [ 34.283232271076095, 47.431274158296482 ], [ 34.283497415426375, 47.431271189883617 ], [ 34.283499602944552, 47.431361148108962 ], [ 34.283764747703984, 47.431358179073776 ], [ 34.283751620044548, 47.430818429755043 ], [ 34.284016762052005, 47.430815460162584 ], [ 34.284010197010808, 47.430545585510941 ], [ 34.284540478188873, 47.430539644542755 ], [ 34.284533910533774, 47.430269769933432 ], [ 34.284799049704382, 47.43026679855771 ], [ 34.284792480790159, 47.429996923962847 ], [ 34.285322756294541, 47.429990979428212 ], [ 34.285316184766558, 47.429721104875696 ], [ 34.285581321100331, 47.429718131716783 ], [ 34.285574748313316, 47.429448257178748 ], [ 34.285972450702303, 47.429443796332905 ], [ 34.285965875978967, 47.429173921823285 ], [ 34.286496142972879, 47.429167971939229 ], [ 34.286489565635982, 47.428898097472036 ], [ 34.286754697714535, 47.428895121638469 ], [ 34.286748119118762, 47.428625247185771 ], [ 34.287013249800175, 47.428622270767178 ], [ 34.287006669945548, 47.428352396328961 ], [ 34.287271799229849, 47.42834941932535 ], [ 34.28726521811641, 47.428079544901642 ], [ 34.287530346003599, 47.42807656731302 ], [ 34.287523763631391, 47.427806692903808 ], [ 34.288054016569014, 47.42780073594362 ], [ 34.288047431583557, 47.427530861576891 ], [ 34.288842806607079, 47.427521921623381 ], [ 34.28883621765398, 47.427252047327158 ], [ 34.289101341222128, 47.427249066144753 ], [ 34.289088160894643, 47.426709317567891 ], [ 34.290016083566321, 47.426698878798597 ], [ 34.289996299572984, 47.425889256126432 ], [ 34.290261416177181, 47.42588627232589 ], [ 34.29025482035027, 47.425616398102925 ], [ 34.290652493145053, 47.42561192129493 ], [ 34.290654692420532, 47.425701879356744 ], [ 34.291052365796496, 47.425697401155688 ], [ 34.291045765970523, 47.425427527007841 ], [ 34.292636450387747, 47.425409600581482 ], [ 34.292629842531852, 47.425139726588526 ], [ 34.293425180100769, 47.4251307551854 ], [ 34.293431792019632, 47.425400629094099 ], [ 34.293962019560446, 47.42539464503799 ], [ 34.293968634284184, 47.425664518877035 ], [ 34.294233749344777, 47.425661525901525 ], [ 34.294246981789705, 47.426201273482967 ], [ 34.2947772172, 47.426195285580761 ], [ 34.294783836275649, 47.426465159295056 ], [ 34.295048955270985, 47.426462164396433 ], [ 34.295062196420069, 47.427001911728361 ], [ 34.297448289830086, 47.426974929552536 ], [ 34.297454922739156, 47.427244802944884 ], [ 34.298780535460565, 47.427229791253545 ], [ 34.298782748709137, 47.427319749001015 ], [ 34.29944555579609, 47.427312237385536 ], [ 34.299449984582857, 47.427492152828947 ], [ 34.299317422735456, 47.42749365546792 ], [ 34.299319636919208, 47.427583613192084 ], [ 34.299982447177541, 47.427576098441342 ], [ 34.299989093179434, 47.427845971534289 ], [ 34.300784469198312, 47.427836948691862 ], [ 34.300791119360419, 47.428106821686598 ], [ 34.301586499055759, 47.428097793242834 ], [ 34.301593153378185, 47.428367666139302 ], [ 34.302388536749795, 47.428358632094124 ], [ 34.302395195232656, 47.428628504892266 ], [ 34.303985968940275, 47.428610420082158 ], [ 34.30399263564734, 47.428880292696995 ], [ 34.305583415930229, 47.428862185650146 ], [ 34.305590090861699, 47.42913205808145 ], [ 34.306385484484238, 47.429122996197854 ], [ 34.306392163576582, 47.429392868530584 ], [ 34.306657296052308, 47.429389846648384 ], [ 34.30666397659644, 47.429659718939256 ], [ 34.307061677260918, 47.429655184924044 ], [ 34.307063904807869, 47.429745142337147 ], [ 34.307196471900191, 47.429743630687533 ], [ 34.30720315528319, 47.430013502903641 ], [ 34.307468290790048, 47.430010479116262 ], [ 34.307474975624935, 47.430280351290492 ], [ 34.308270385950024, 47.430271276165172 ], [ 34.308277074946176, 47.430541148240685 ], [ 34.308807350989284, 47.430535095035303 ], [ 34.308814042792129, 47.430804967040508 ], [ 34.30907918210346, 47.430801939489889 ], [ 34.30908587535837, 47.431071811453158 ], [ 34.309616156560566, 47.431065754456014 ], [ 34.309622852622311, 47.431335626348918 ], [ 34.309887994513176, 47.431332596902379 ], [ 34.309894692027086, 47.431602468753347 ], [ 34.310690121503988, 47.431593376650227 ], [ 34.310696823179619, 47.43186324840233 ], [ 34.31122711199037, 47.431857183878179 ], [ 34.31123381647307, 47.432127055559853 ], [ 34.31149896216818, 47.43212402234974 ], [ 34.311492256330716, 47.431854150696566 ], [ 34.312022544881302, 47.431848082494248 ], [ 34.312029253428307, 47.432117954090444 ], [ 34.313089835427874, 47.432105810215454 ], [ 34.313096549491647, 47.432375681684121 ], [ 34.314422282788016, 47.432360487904468 ], [ 34.314429003723504, 47.432630359216937 ], [ 34.315357021126303, 47.432619714352306 ], [ 34.315359263040477, 47.432709671420135 ], [ 34.315491837137479, 47.432708150107388 ], [ 34.315498563622675, 47.432978021287624 ], [ 34.316426586738991, 47.432967367707008 ], [ 34.316428830503121, 47.43305732473074 ], [ 34.316296255579047, 47.433058847135378 ], [ 34.316300742688334, 47.433238761187873 ], [ 34.317493920677599, 47.433225053942849 ], [ 34.317500657520014, 47.433494924881614 ], [ 34.318296113087342, 47.433485779735548 ], [ 34.31830285409243, 47.433755650574952 ], [ 34.319098313332027, 47.433746499825411 ], [ 34.319105058499879, 47.434016370565367 ], [ 34.319900521411562, 47.434007214212301 ], [ 34.319907270742299, 47.434277084852759 ], [ 34.320702737325867, 47.434267922896034 ], [ 34.320709490819596, 47.434537793436959 ], [ 34.321504961074872, 47.434528625876482 ], [ 34.321511718731713, 47.434798496317825 ], [ 34.322307192658485, 47.43478932315351 ], [ 34.32231395447856, 47.435059193495199 ], [ 34.323109432076642, 47.43505001472694 ], [ 34.323116198060049, 47.435319884968933 ], [ 34.323646518949964, 47.43531376266715 ], [ 34.323648775202976, 47.435403719392312 ], [ 34.323913936033932, 47.435400657312208 ], [ 34.323920706213627, 47.435670527449943 ], [ 34.324716192508774, 47.435661337444735 ], [ 34.32472296685205, 47.435931207482668 ], [ 34.325518456817953, 47.43592201187321 ], [ 34.325525235324925, 47.436191881811283 ], [ 34.326320728961392, 47.436182680597469 ], [ 34.326327511632179, 47.436452550435625 ], [ 34.326857843213951, 47.436446413169904 ], [ 34.326864628693585, 47.436716282936906 ], [ 34.327129795773715, 47.436713213355553 ], [ 34.327143369739417, 47.437252952791418 ], [ 34.32767370918841, 47.437246811673987 ], [ 34.327694079008594, 47.438056420553501 ], [ 34.327959252732676, 47.438053348988547 ], [ 34.327966044225541, 47.438323218559191 ], [ 34.328496394252291, 47.43831707353214 ], [ 34.328509982955389, 47.438856812517493 ], [ 34.32877516061329, 47.438853739026513 ], [ 34.32878195646839, 47.439123608470055 ], [ 34.329312314362816, 47.439117459590854 ], [ 34.329319113027346, 47.439387328963157 ], [ 34.329584293263871, 47.439384253574914 ], [ 34.329591093382611, 47.439654122904834 ], [ 34.33012145643427, 47.43964797023105 ], [ 34.330128259362581, 47.439917839489674 ], [ 34.330393442177716, 47.439914762204097 ], [ 34.330407051041981, 47.440454500623026 ], [ 34.330672236523768, 47.440451422666456 ], [ 34.330679042459792, 47.440721291826762 ], [ 34.331209416002011, 47.440715134016216 ], [ 34.331216224747834, 47.440985003105169 ], [ 34.331746600824651, 47.440978842783956 ], [ 34.331753412380351, 47.441248711801549 ], [ 34.332018601708079, 47.441245630692201 ], [ 34.332032227827703, 47.441785368628985 ], [ 34.332297419822204, 47.441782286848529 ], [ 34.332299691332516, 47.441872243156432 ], [ 34.332564883734761, 47.4418691607531 ], [ 34.332578515738959, 47.442408898511076 ], [ 34.332843710808056, 47.442405815436615 ], [ 34.332864163624855, 47.44321542188537 ], [ 34.333394561763839, 47.443209253722962 ], [ 34.333401382278979, 47.443479122454256 ], [ 34.333666582637854, 47.443476037424205 ], [ 34.33367567861989, 47.443835862339633 ], [ 34.333543077542245, 47.443837404950628 ], [ 34.333547625147581, 47.444017317408992 ], [ 34.334210632684787, 47.444009602772503 ], [ 34.334215182593589, 47.444189515176575 ], [ 34.334082580656357, 47.444191058420166 ], [ 34.334084855401372, 47.444281014624771 ], [ 34.334482661857798, 47.444276384419524 ], [ 34.334484937291663, 47.444366340608141 ], [ 34.334352334924624, 47.444367884168031 ], [ 34.334356885373595, 47.444547796550417 ], [ 34.335019899357796, 47.444540077169407 ], [ 34.335024452110325, 47.444719989497443 ], [ 34.334891848883686, 47.444721533689965 ], [ 34.334900953617485, 47.445081358347366 ], [ 34.335431370072889, 47.445075180580034 ], [ 34.335445032927637, 47.445614917405088 ], [ 34.335710243800456, 47.445611827543445 ], [ 34.335717076732685, 47.445881695906678 ], [ 34.336247501057173, 47.445875514285426 ], [ 34.336261172642978, 47.446415250855239 ], [ 34.336526387450398, 47.446412159066568 ], [ 34.336533224748322, 47.446682027302181 ], [ 34.336798440867298, 47.446678934871159 ], [ 34.336791602213601, 47.446409066664586 ], [ 34.337056816932574, 47.446405973649284 ], [ 34.337063656942043, 47.446675841826796 ], [ 34.337328872972542, 47.446672748169121 ], [ 34.337335714437366, 47.446942616304057 ], [ 34.338131366330714, 47.446933331563891 ], [ 34.338138211962551, 47.447203199598107 ], [ 34.338668649048365, 47.447197006646512 ], [ 34.338675497491501, 47.447466874609056 ], [ 34.338940717323801, 47.447463777184169 ], [ 34.338947567222462, 47.447733645104115 ], [ 34.339478009465829, 47.447727448356105 ], [ 34.339484862175929, 47.447997316204336 ], [ 34.339750084586996, 47.447994216881206 ], [ 34.339756938752721, 47.448264084686812 ], [ 34.340552609787544, 47.448254782949952 ], [ 34.340559468120745, 47.448524650654683 ], [ 34.341089917967302, 47.448518446371729 ], [ 34.341099066182657, 47.448878269879302 ], [ 34.341364292847274, 47.448875166778919 ], [ 34.341371155481241, 47.449145034364697 ], [ 34.341901611389197, 47.449138826265532 ], [ 34.34190847683498, 47.449408693779475 ], [ 34.34217370607832, 47.449405588780671 ], [ 34.342180572980013, 47.449675456251938 ], [ 34.342711034045394, 47.449669244355846 ], [ 34.342717903759038, 47.449939111755249 ], [ 34.342983135581079, 47.449936004857939 ], [ 34.343065596217798, 47.453174412246035 ], [ 34.342800348122161, 47.453177519493508 ], [ 34.342820961462969, 47.453987121123845 ], [ 34.342290457000665, 47.453993333953449 ], [ 34.342299615157522, 47.454353156939021 ], [ 34.342166988109952, 47.454354709782436 ], [ 34.342171566802911, 47.454534621275918 ], [ 34.342436821791168, 47.454531515416264 ], [ 34.342450560849386, 47.45507124980233 ], [ 34.341920045402958, 47.455077461024835 ], [ 34.341952092100797, 47.456336841320926 ], [ 34.341686827980894, 47.456339946148006 ], [ 34.341714292885555, 47.457419414855501 ], [ 34.341449023295141, 47.457422519185663 ], [ 34.341455888414593, 47.457692386357905 ], [ 34.34119061742318, 47.457695490103667 ], [ 34.341222649637665, 47.458954870198049 ], [ 34.341090010959832, 47.458956421908844 ], [ 34.341092298832301, 47.459046377623466 ], [ 34.340827020991107, 47.459049480594601 ], [ 34.34086133362662, 47.460398816279358 ], [ 34.340596048957359, 47.460401918782594 ], [ 34.34063721927555, 47.462021121333002 ], [ 34.340106633521721, 47.462027324848222 ], [ 34.340140931297611, 47.463376660226452 ], [ 34.33974298168858, 47.463381311470442 ], [ 34.339784130101442, 47.465000513740364 ], [ 34.339518822164237, 47.465003613977281 ], [ 34.339539393647023, 47.465813215017121 ], [ 34.339804705655688, 47.465810114692843 ], [ 34.339873297326754, 47.468508783655793 ], [ 34.340138622863854, 47.468505682426525 ], [ 34.340131761890021, 47.468235815620197 ], [ 34.340397086025362, 47.468232713806266 ], [ 34.34040394835656, 47.468502580583475 ], [ 34.34066927380487, 47.468499478126624 ], [ 34.340683001481779, 47.469039211582206 ], [ 34.341213657674743, 47.46903300471056 ], [ 34.341220524377945, 47.46930287135978 ], [ 34.341485853765207, 47.469299766974096 ], [ 34.341492721925825, 47.469569633580647 ], [ 34.342023383281912, 47.469563422909523 ], [ 34.342030254257438, 47.469833289444225 ], [ 34.342295586226271, 47.46983018315877 ], [ 34.34230016783718, 47.470010094154937 ], [ 34.342167501405832, 47.470011647384105 ], [ 34.342169792001719, 47.470101602884803 ], [ 34.34256779194115, 47.470096942722328 ], [ 34.342570083226896, 47.470186898206926 ], [ 34.342437416365286, 47.470188451752726 ], [ 34.342441998517636, 47.470368362727157 ], [ 34.34270733313474, 47.47036525546261 ], [ 34.342714207804171, 47.470635121883809 ], [ 34.343244879619959, 47.470628905454859 ], [ 34.343251757104554, 47.47089877180413 ], [ 34.343517094303238, 47.470895662639705 ], [ 34.343530852287948, 47.47143539523929 ], [ 34.344061531982049, 47.471429174952092 ], [ 34.344068413839814, 47.471699041173167 ], [ 34.344333754977669, 47.471695930079576 ], [ 34.344347521709032, 47.47223566242274 ], [ 34.344480193618878, 47.472234106616526 ], [ 34.344482488339359, 47.472324061996929 ], [ 34.344880504680901, 47.472319393642863 ], [ 34.344894277310615, 47.472859125806004 ], [ 34.345159624197962, 47.472856012744138 ], [ 34.345180287967629, 47.473665610799706 ], [ 34.345710989754885, 47.473659382658873 ], [ 34.345724771533817, 47.474199114511315 ], [ 34.345990125076092, 47.474195999461536 ], [ 34.346003909971941, 47.47473573120137 ], [ 34.3465346223539, 47.474729499143031 ], [ 34.346548413082509, 47.475269230711682 ], [ 34.34681377192225, 47.475266113703093 ], [ 34.346827565768201, 47.475805845159101 ], [ 34.347092927279071, 47.475802727478012 ], [ 34.347099825710579, 47.476072593156445 ], [ 34.347365188534724, 47.47606947483213 ], [ 34.347378988414945, 47.476609206089847 ], [ 34.347644353910297, 47.476606087092996 ], [ 34.347651255359068, 47.476875952672273 ], [ 34.348447355651054, 47.476866591910039 ], [ 34.34845426127427, 47.477136457387878 ], [ 34.348984997294799, 47.477130213751273 ], [ 34.348991905734557, 47.477400079156936 ], [ 34.349257275035775, 47.477396956388354 ], [ 34.349264184934142, 47.47766682175115 ], [ 34.34979492611847, 47.477660574313397 ], [ 34.349808751649221, 47.478200304881049 ], [ 34.350074124890384, 47.478197180182512 ], [ 34.35008103916482, 47.478467045416707 ], [ 34.350611788229052, 47.478460794118945 ], [ 34.350632539805105, 47.479270389564199 ], [ 34.350897918344423, 47.479267262906212 ], [ 34.350923287592813, 47.480256768177384 ], [ 34.350790595838745, 47.480258331636961 ], [ 34.350792901974849, 47.480348286657481 ], [ 34.350527517980403, 47.480351413125902 ], [ 34.350548269634231, 47.4811610083311 ], [ 34.351079045727872, 47.481154754603992 ], [ 34.351085965863838, 47.481424619586583 ], [ 34.351351355201778, 47.481421491772579 ], [ 34.351358276796816, 47.481691356712275 ], [ 34.352154448616773, 47.481681969497743 ], [ 34.352161374387592, 47.481951834335725 ], [ 34.352692158093468, 47.481945573063584 ], [ 34.352699086681817, 47.482215437829247 ], [ 34.353495265979362, 47.482206041227251 ], [ 34.353497576889588, 47.482295996116711 ], [ 34.354293757141697, 47.482286593958648 ], [ 34.354300694014782, 47.482556458529686 ], [ 34.355760364231813, 47.482539206723892 ], [ 34.355767308677031, 47.482809071119355 ], [ 34.357359682786281, 47.482790229604923 ], [ 34.357366635483018, 47.48306009380989 ], [ 34.35975520583473, 47.483031789821851 ], [ 34.359762170858417, 47.483301653747432 ], [ 34.36029296649113, 47.483295357158227 ], [ 34.360299934333099, 47.483565221011133 ], [ 34.361228831010784, 47.483554195965837 ], [ 34.361231155232169, 47.483644150545949 ], [ 34.362160052941924, 47.483633117943448 ], [ 34.362146098273918, 47.483093390647475 ], [ 34.362676891283201, 47.483087083044147 ], [ 34.362669911384813, 47.482817219435084 ], [ 34.362935306463321, 47.482814064741923 ], [ 34.362928325308197, 47.482544201148968 ], [ 34.364122596489608, 47.482529997563923 ], [ 34.364129583757375, 47.48279986102348 ], [ 34.364660373371969, 47.482793544268219 ], [ 34.364667363458246, 47.483063407654903 ], [ 34.364932759556076, 47.483060248326488 ], [ 34.364937420575728, 47.483240157223626 ], [ 34.364804722079676, 47.483241736974492 ], [ 34.364807052380073, 47.483331691425761 ], [ 34.36520514851351, 47.483326951697777 ], [ 34.36519815560866, 47.48305708838398 ], [ 34.365463551615981, 47.483053927827392 ], [ 34.365470545879234, 47.483323791111502 ], [ 34.365735943199702, 47.483320629911155 ], [ 34.365742938923212, 47.483590493152008 ], [ 34.366273736145146, 47.483584168849632 ], [ 34.366280734687408, 47.483854032017547 ], [ 34.367076934255891, 47.483844540869136 ], [ 34.367083936975419, 47.48411440393437 ], [ 34.367349338099409, 47.48411123896031 ], [ 34.367356342279372, 47.484381101982258 ], [ 34.368152549454756, 47.484371603286249 ], [ 34.368159557812177, 47.484641466205431 ], [ 34.368690365085975, 47.484635130611395 ], [ 34.368697376262467, 47.484904993457512 ], [ 34.368962781189815, 47.484901824709553 ], [ 34.368969793826935, 47.48517168751237 ], [ 34.369102496952848, 47.485170102893214 ], [ 34.369104834747667, 47.485260057152843 ], [ 34.36950294473661, 47.485255302359306 ], [ 34.369509960226978, 47.48552516508451 ], [ 34.370306183974016, 47.485515651262716 ], [ 34.37031320364224, 47.485785513885006 ], [ 34.371109431056119, 47.485775994446627 ], [ 34.371116454902321, 47.486045856965966 ], [ 34.37138186530796, 47.486042682561752 ], [ 34.371388890615059, 47.486312545037705 ], [ 34.371919714007134, 47.486306194327192 ], [ 34.371926742133773, 47.486576056729966 ], [ 34.372722980956603, 47.486566525968598 ], [ 34.372730013261503, 47.48683638826828 ], [ 34.37299542747008, 47.486833210089671 ], [ 34.373023563148493, 47.487912659033491 ], [ 34.373554402298552, 47.487906300594901 ], [ 34.373561439191704, 47.48817616273724 ], [ 34.373428728741892, 47.488177752592129 ], [ 34.373442801476841, 47.488717476866043 ], [ 34.373177377825542, 47.488720656174912 ], [ 34.373198483620016, 47.489530242573665 ], [ 34.372667628027926, 47.489536599527931 ], [ 34.372695759650476, 47.490616048108684 ], [ 34.372430326350596, 47.490619225783881 ], [ 34.372409231556759, 47.489809639279116 ], [ 34.371878372973882, 47.489815992607781 ], [ 34.371871344298441, 47.489546130352736 ], [ 34.371605916297618, 47.489549306065904 ], [ 34.37158483496188, 47.488739719129995 ], [ 34.371053986976726, 47.488746068534766 ], [ 34.371046962787041, 47.488476206136042 ], [ 34.369587137363773, 47.488493654167421 ], [ 34.369584798481021, 47.488403699976878 ], [ 34.369452087237235, 47.488405285235302 ], [ 34.369459103240153, 47.48867514781729 ], [ 34.367601135124119, 47.488697325520818 ], [ 34.367608141717582, 47.488967188297579 ], [ 34.367077290558562, 47.488973519315962 ], [ 34.367093633332168, 47.489603199214464 ], [ 34.366960918928768, 47.489604781619867 ], [ 34.366965587941692, 47.48978469015865 ], [ 34.366700158194973, 47.489787854528593 ], [ 34.366728167788779, 47.490867305753788 ], [ 34.36725903810823, 47.490860976161883 ], [ 34.367266043479546, 47.491130838874859 ], [ 34.367531479930236, 47.491127673127806 ], [ 34.367538486762562, 47.491397535797496 ], [ 34.368069362245848, 47.491391202401125 ], [ 34.368076371898219, 47.491661064997778 ], [ 34.368872688859874, 47.491651560207025 ], [ 34.368879702691387, 47.491921422700862 ], [ 34.369145142946856, 47.491918253178973 ], [ 34.369152158239551, 47.492188115629496 ], [ 34.369683041332323, 47.492181774683367 ], [ 34.36969707766049, 47.492721499424619 ], [ 34.369962521856884, 47.492718327970572 ], [ 34.369969541533372, 47.492988190291079 ], [ 34.370234987043432, 47.492985018192961 ], [ 34.370237327411346, 47.493074972286855 ], [ 34.370768219201182, 47.493068626227853 ], [ 34.370789291178546, 47.493878212826324 ], [ 34.371320190941368, 47.493871864131265 ], [ 34.371327217856766, 47.494141726244017 ], [ 34.37212357123741, 47.494132198504609 ], [ 34.372116540244484, 47.493862336481342 ], [ 34.37238198992118, 47.493859159369421 ], [ 34.372410119944085, 47.494938607261808 ], [ 34.372941030034553, 47.494932250956232 ], [ 34.372948065514834, 47.495202112835742 ], [ 34.373213521851021, 47.495198933731601 ], [ 34.373220558793037, 47.495468795567682 ], [ 34.374547846586914, 47.495452890682564 ], [ 34.374554890427859, 47.495722752355711 ], [ 34.376413100939175, 47.495700459504846 ], [ 34.376406047583245, 47.495430598041096 ], [ 34.376936961742878, 47.495424223185907 ], [ 34.376932257750305, 47.495244315575789 ], [ 34.37706498580858, 47.495242721488012 ], [ 34.377062633602883, 47.495152767685688 ], [ 34.377328089232094, 47.495149579059365 ], [ 34.377335147242711, 47.495419440431874 ], [ 34.377202418754187, 47.495421034836802 ], [ 34.37720947618795, 47.495690896210739 ], [ 34.378005851025598, 47.495681327387544 ], [ 34.378008204885653, 47.495771281145871 ], [ 34.378140934211828, 47.495769685799459 ], [ 34.378143288309857, 47.495859639551291 ], [ 34.378010558757133, 47.495861234902705 ], [ 34.378027036177457, 47.496490911158325 ], [ 34.378159767316049, 47.49648931577196 ], [ 34.378162121505504, 47.496579269511749 ], [ 34.37856031553239, 47.496574482416108 ], [ 34.378567380208366, 47.496844343581444 ], [ 34.378832844195159, 47.49684115138642 ], [ 34.378861109365623, 47.497920595792237 ], [ 34.379392048077243, 47.497914209319148 ], [ 34.379476886098672, 47.501152540514852 ], [ 34.380538828231799, 47.501139758755386 ], [ 34.380524676654566, 47.500600037265158 ], [ 34.381055642007695, 47.500593642818806 ], [ 34.381048563654403, 47.500323782113412 ], [ 34.381314044902616, 47.500320583998608 ], [ 34.381292806382497, 47.499511001891157 ], [ 34.382089237615851, 47.499501404130562 ], [ 34.38208215423672, 47.499231543491092 ], [ 34.382878580978776, 47.499221940290909 ], [ 34.382914019299903, 47.500571242901543 ], [ 34.383179501586767, 47.500568040455583 ], [ 34.383172412356465, 47.500298179990679 ], [ 34.383437893237812, 47.500294976960362 ], [ 34.383459165317404, 47.501104558224156 ], [ 34.383724650231791, 47.501101354489123 ], [ 34.383745927319964, 47.501910935540536 ], [ 34.384011416267533, 47.501907731100758 ], [ 34.384018510196597, 47.502177591394002 ], [ 34.384549490673436, 47.502171180610823 ], [ 34.384556587425337, 47.502441040830277 ], [ 34.385884044612126, 47.502425002968344 ], [ 34.385891148266268, 47.502694863023599 ], [ 34.386156640925485, 47.502691653577621 ], [ 34.386149535911578, 47.502421793552529 ], [ 34.386415027165022, 47.502418583522214 ], [ 34.386417395944747, 47.502508536855366 ], [ 34.386948379220144, 47.502502114931204 ], [ 34.386955488347887, 47.502771974861304 ], [ 34.388282952529757, 47.502755909146565 ], [ 34.388290068560011, 47.503025768912188 ], [ 34.388555562618023, 47.503022553895583 ], [ 34.388562680111725, 47.503292413617444 ], [ 34.389093670809132, 47.503285981680342 ], [ 34.389100791126168, 47.503555841328208 ], [ 34.389366287765561, 47.503552624407696 ], [ 34.389373409546153, 47.503822484011785 ], [ 34.389904405406334, 47.503816048266799 ], [ 34.389918654718201, 47.504355767313342 ], [ 34.390184155298869, 47.504352548458613 ], [ 34.390191281470365, 47.504622407931294 ], [ 34.390456783364804, 47.504619188431811 ], [ 34.390463911000019, 47.504889047860672 ], [ 34.390198407745665, 47.504892267390389 ], [ 34.390212660607652, 47.505431986267872 ], [ 34.389947154587254, 47.505435205243529 ], [ 34.389954279813971, 47.505705064692144 ], [ 34.389423264914832, 47.505711500860293 ], [ 34.389430387525316, 47.50598136035579 ], [ 34.389164878646575, 47.505984577548254 ], [ 34.389172000000784, 47.506254437060399 ], [ 34.388640979384952, 47.506260869662107 ], [ 34.388612505470462, 47.505181431290424 ], [ 34.387815990521105, 47.505191075221418 ], [ 34.387808876381541, 47.504921215503984 ], [ 34.387543372666258, 47.50492442888838 ], [ 34.387536259990242, 47.50465456912719 ], [ 34.386739752647955, 47.504664205502692 ], [ 34.38673027468073, 47.504304392345979 ], [ 34.385402770589458, 47.504320440480264 ], [ 34.385395669034281, 47.504050580446147 ], [ 34.382342420903413, 47.504087432506033 ], [ 34.382349506819757, 47.50435729288629 ], [ 34.381818503805398, 47.504363693704306 ], [ 34.381811420608855, 47.50409383326393 ], [ 34.379156416386365, 47.504125800182173 ], [ 34.379154059876761, 47.504035846598946 ], [ 34.37596805420926, 47.504074125664019 ], [ 34.375961001067793, 47.503804264545742 ], [ 34.375164502702702, 47.503813820395493 ], [ 34.375157453743604, 47.503543959173889 ], [ 34.372635219131482, 47.503574182593795 ], [ 34.372670400357386, 47.504923489985678 ], [ 34.372404894938278, 47.504926668321367 ], [ 34.372433036323734, 47.506006114110328 ], [ 34.372698547182914, 47.506002935655225 ], [ 34.37271262121066, 47.506542658408669 ], [ 34.373243648232631, 47.506536299535306 ], [ 34.373250688120464, 47.506806160831971 ], [ 34.373516202923199, 47.506802980443538 ], [ 34.373523244273699, 47.507072841696768 ], [ 34.374319792488734, 47.507063296754332 ], [ 34.374326838022206, 47.507333157904355 ], [ 34.375123389907166, 47.507323607340922 ], [ 34.375130439623746, 47.507593468387668 ], [ 34.375661476705851, 47.507587098212568 ], [ 34.375668529245473, 47.507856959185943 ], [ 34.376465088606707, 47.507847399223998 ], [ 34.376472145329636, 47.508117260094004 ], [ 34.377268708360297, 47.508107694510777 ], [ 34.377275769266646, 47.508377555277384 ], [ 34.378337858108367, 47.508364792442016 ], [ 34.378344924558476, 47.50863465307517 ], [ 34.379141494790133, 47.508625074405224 ], [ 34.379148565423904, 47.508894934934844 ], [ 34.37994513932432, 47.508885350643297 ], [ 34.379954572437292, 47.509245164541674 ], [ 34.380485625102615, 47.509238771860794 ], [ 34.380492702778149, 47.509508632208707 ], [ 34.381289285513304, 47.509499038487547 ], [ 34.381296367372848, 47.509768898731771 ], [ 34.38156189621985, 47.509765699565406 ], [ 34.38156897954287, 47.510035559766017 ], [ 34.382100039819939, 47.510029159529225 ], [ 34.382107125966819, 47.510299019656152 ], [ 34.382372657396886, 47.510295818585725 ], [ 34.382379745007349, 47.510565678669025 ], [ 34.382910810450532, 47.510559274624043 ], [ 34.38292499142274, 47.511098994629648 ], [ 34.383190526796248, 47.511095791624996 ], [ 34.383204710902447, 47.511635511516154 ], [ 34.383735786953423, 47.511629103542475 ], [ 34.383749976914714, 47.512168823258982 ], [ 34.384015517592232, 47.51216561828992 ], [ 34.38402971068794, 47.512705337891958 ], [ 34.384560797347142, 47.512698925989298 ], [ 34.384553698026579, 47.51242906625528 ], [ 34.384819239926728, 47.512425859412026 ], [ 34.384812139349087, 47.512155999694585 ], [ 34.387733082249397, 47.512120684180587 ], [ 34.387728338611666, 47.511940777915896 ], [ 34.387993877692125, 47.511937563746628 ], [ 34.387986760961461, 47.511667704368477 ], [ 34.38838506745509, 47.511662882007336 ], [ 34.388377948787451, 47.511393022660904 ], [ 34.388909021230134, 47.511386590755109 ], [ 34.388901899945381, 47.511116731455509 ], [ 34.389167434737168, 47.51111351461082 ], [ 34.389160312195763, 47.510843655327896 ], [ 34.389691378920233, 47.510837219854963 ], [ 34.38968425376185, 47.5105673606189 ], [ 34.390480849421486, 47.510557702890289 ], [ 34.390466591254103, 47.510017984558878 ], [ 34.390732120327691, 47.510014764147208 ], [ 34.390724990039466, 47.509744904991379 ], [ 34.391256045327552, 47.509738462384632 ], [ 34.391241779621616, 47.509198744153302 ], [ 34.391507304475866, 47.509195521988509 ], [ 34.391500170418503, 47.508925662882746 ], [ 34.392031217267963, 47.508919216769847 ], [ 34.392024080594084, 47.508649357711057 ], [ 34.39242236356958, 47.508644521558445 ], [ 34.392415224959365, 47.508374662531502 ], [ 34.39268074552507, 47.508371437691792 ], [ 34.392666465896248, 47.507831719657752 ], [ 34.393197501448327, 47.507825268255715 ], [ 34.393190359069649, 47.507555409278936 ], [ 34.393455875416194, 47.507552182686332 ], [ 34.393441588250738, 47.507012464752655 ], [ 34.393972615364689, 47.507006009844972 ], [ 34.393958323175184, 47.506466291978235 ], [ 34.394223833942654, 47.506463063663162 ], [ 34.394209539449449, 47.505923345802771 ], [ 34.394342293455814, 47.505921731445113 ], [ 34.394344676069096, 47.506011684420578 ], [ 34.394477430290564, 47.506010069904214 ], [ 34.394484578879833, 47.506279928806364 ], [ 34.394750088648067, 47.506276699282395 ], [ 34.394735788853637, 47.50573698152521 ], [ 34.395001295855579, 47.505733751447394 ], [ 34.394994144754598, 47.505463892578767 ], [ 34.395259650350269, 47.505460661916736 ], [ 34.39525726621978, 47.505370708967618 ], [ 34.39539001877359, 47.505369093411218 ], [ 34.395385250094002, 47.505189187518596 ], [ 34.396181762453836, 47.505179491014552 ], [ 34.39617460544148, 47.504909632255362 ], [ 34.396705610729875, 47.504903164907425 ], [ 34.396684132158896, 47.504093588730626 ], [ 34.396949630653907, 47.504090354226015 ], [ 34.396942469978953, 47.503820495503639 ], [ 34.397473464110199, 47.503814024711659 ], [ 34.397466300819893, 47.503544166036477 ], [ 34.397731796456142, 47.503540929749143 ], [ 34.39772463191035, 47.503271071090772 ], [ 34.398255620324079, 47.503264596733416 ], [ 34.39824845316307, 47.502994738122268 ], [ 34.398513945940564, 47.502991500052275 ], [ 34.398506777524176, 47.502721641457967 ], [ 34.399037760220409, 47.502715163535377 ], [ 34.399030589188939, 47.502445304988321 ], [ 34.39942882404965, 47.50244044497903 ], [ 34.399421651083038, 47.50217058646404 ], [ 34.40021811641185, 47.50216086238909 ], [ 34.400210939470611, 47.501891003951869 ], [ 34.401007400302198, 47.501881274438119 ], [ 34.401000219386447, 47.501611416078696 ], [ 34.401132962137865, 47.501609793970651 ], [ 34.401135355991443, 47.501699746753573 ], [ 34.402064556512244, 47.501688387660579 ], [ 34.40205737022756, 47.501418529414025 ], [ 34.403384791756068, 47.501402289233752 ], [ 34.403377598777858, 47.501132431126138 ], [ 34.404439529724073, 47.501119428044028 ], [ 34.40443233141216, 47.500849570044963 ], [ 34.406157958771963, 47.500828419267485 ], [ 34.406150751727537, 47.500558561453495 ], [ 34.407212669838756, 47.500545532809731 ], [ 34.407205457461032, 47.500275675104533 ], [ 34.408267369387012, 47.500262636752446 ], [ 34.408269775313997, 47.50035258928154 ], [ 34.408535253631896, 47.500349328147266 ], [ 34.408528034526448, 47.500079470586087 ], [ 34.409589941892484, 47.500066420027366 ], [ 34.409582717454072, 47.499796562575199 ], [ 34.410910093811744, 47.499780235705884 ], [ 34.410902862681034, 47.499510378393452 ], [ 34.411699283855519, 47.499500574991075 ], [ 34.411696872142535, 47.499410622581266 ], [ 34.411829608737399, 47.499408988148403 ], [ 34.41182478489339, 47.499229083334491 ], [ 34.412886673605406, 47.499216002423807 ], [ 34.41287943248939, 47.498946145314477 ], [ 34.414472255994376, 47.498926505701199 ], [ 34.414465006827228, 47.498656648762726 ], [ 34.414730475887772, 47.49865337337426 ], [ 34.414723225466794, 47.498383516452954 ], [ 34.415386894514313, 47.498375325370837 ], [ 34.415389312442414, 47.4984652776538 ], [ 34.415787514409786, 47.498460361146016 ], [ 34.415780258621616, 47.498190504338758 ], [ 34.41631119169493, 47.49818394690633 ], [ 34.41630393329369, 47.497914090147063 ], [ 34.417631258357801, 47.497897685968653 ], [ 34.417626414951201, 47.497717781557625 ], [ 34.417759146939851, 47.497716140305322 ], [ 34.41775672502763, 47.497626188102693 ], [ 34.418287651958423, 47.497619621578124 ], [ 34.418280383573638, 47.497349765022804 ], [ 34.418811307597601, 47.497343196102534 ], [ 34.418818578701035, 47.49761305259613 ], [ 34.419880431621422, 47.497599907259946 ], [ 34.419873155080701, 47.497330050889815 ], [ 34.42040407853969, 47.497323474597366 ], [ 34.420396799386353, 47.497053618275388 ], [ 34.420662259685876, 47.497050329238554 ], [ 34.420654979279263, 47.496780472933843 ], [ 34.422380461241872, 47.496759079420784 ], [ 34.422382890977367, 47.49684903145689 ], [ 34.424373832624489, 47.496824314304327 ], [ 34.424381132096336, 47.49709417017138 ], [ 34.429557594437554, 47.497029743247062 ], [ 34.429550268460062, 47.496759887985128 ], [ 34.42968299734725, 47.496758232956587 ], [ 34.429685439554426, 47.496848184706899 ], [ 34.431410916953503, 47.49682665529253 ], [ 34.431403581532471, 47.496556800239276 ], [ 34.433261776204134, 47.496533585907223 ], [ 34.433256879639785, 47.496353682676194 ], [ 34.433389607288447, 47.496352023368168 ], [ 34.433387158797565, 47.496262071755567 ], [ 34.436705340484892, 47.49622053927181 ], [ 34.436707794639098, 47.496310490754375 ], [ 34.440291428613975, 47.496265527719899 ], [ 34.44029880949725, 47.496535381736187 ], [ 34.443351543499276, 47.496496991224717 ], [ 34.443358940120923, 47.496766844866784 ], [ 34.444022580508111, 47.496758488274494 ], [ 34.44402504720528, 47.496848439459328 ], [ 34.446546882249407, 47.49681664929318 ], [ 34.446554295325377, 47.497086502539972 ], [ 34.449739781290596, 47.497046266916215 ], [ 34.449747210785326, 47.497316119771455 ], [ 34.45120723034848, 47.497297648706393 ], [ 34.451209709362708, 47.497387599597296 ], [ 34.45280245903475, 47.497367428087266 ], [ 34.454739394783324, 47.567438662149854 ], [ 34.454606488902392, 47.567440348060927 ], [ 34.454599016200504, 47.567170499101572 ], [ 34.453801584753883, 47.567180611239912 ], [ 34.453794116253995, 47.566910762171922 ], [ 34.453262497776336, 47.566917500455112 ], [ 34.453260009210126, 47.566827550741642 ], [ 34.452196773493554, 47.566841019876094 ], [ 34.452189313324816, 47.566571170600064 ], [ 34.450860274413316, 47.566587993004383 ], [ 34.450867727760368, 47.566857842438452 ], [ 34.450070299740894, 47.566867928586134 ], [ 34.450077749103535, 47.567137778101326 ], [ 34.449280316556589, 47.567147858801391 ], [ 34.44928776193467, 47.567417708397642 ], [ 34.448091606160581, 47.567432819197798 ], [ 34.448099045507377, 47.567702668922344 ], [ 34.44730160368912, 47.567712735955638 ], [ 34.447309039051085, 47.567982585761129 ], [ 34.446511592705974, 47.567992647346458 ], [ 34.446519024082974, 47.568262497232823 ], [ 34.446386115634425, 47.568264173640607 ], [ 34.446383638724129, 47.56817422367476 ], [ 34.444921647497459, 47.568192653941168 ], [ 34.444929070759876, 47.568462504007343 ], [ 34.444131616293134, 47.568472549122298 ], [ 34.444139035570295, 47.56874239926919 ], [ 34.442809937008626, 47.568759128967592 ], [ 34.442817349571364, 47.569028979258 ], [ 34.439494580860078, 47.56907073653673 ], [ 34.439501976474091, 47.569340587205815 ], [ 34.439369064887522, 47.569342255511081 ], [ 34.439366599898293, 47.569252305284344 ], [ 34.434183047559237, 47.569317248890364 ], [ 34.434175679272187, 47.56904739759095 ], [ 34.432580744623031, 47.569067332937202 ], [ 34.432573384630651, 47.568797481436874 ], [ 34.432041742095095, 47.568804121562927 ], [ 34.432039289697833, 47.568714171039005 ], [ 34.430311453097275, 47.568735734367806 ], [ 34.430304104846392, 47.568465882584356 ], [ 34.428709185155256, 47.56848576391377 ], [ 34.42870184519856, 47.568215911929933 ], [ 34.427106931982429, 47.568235770901694 ], [ 34.4270996003197, 47.567965918717668 ], [ 34.425770511488984, 47.567982450769378 ], [ 34.425763186755525, 47.567712598416428 ], [ 34.425497370211453, 47.567715902948152 ], [ 34.425490046949236, 47.567446050550544 ], [ 34.424692601125756, 47.567455960357549 ], [ 34.42468284239996, 47.56709615701542 ], [ 34.423885401607457, 47.567106061155762 ], [ 34.423878086780853, 47.566836208540252 ], [ 34.42334646207771, 47.566842808159294 ], [ 34.423339150086548, 47.56657295546816 ], [ 34.422541716769743, 47.566582850185021 ], [ 34.422534408978329, 47.566312997387328 ], [ 34.422268599142406, 47.566316294363645 ], [ 34.422261292821887, 47.566046441521365 ], [ 34.421463867123236, 47.56605632866254 ], [ 34.421456565002266, 47.565786475713757 ], [ 34.420659142970869, 47.565796357219732 ], [ 34.420651845049349, 47.565526504164509 ], [ 34.420120232853982, 47.565533088694266 ], [ 34.420112937767463, 47.56526323556357 ], [ 34.419847132963199, 47.565266526873806 ], [ 34.419839839347325, 47.564996673698595 ], [ 34.419042428743907, 47.565006543841776 ], [ 34.419035139327185, 47.564736690560224 ], [ 34.418503534750641, 47.564743267514906 ], [ 34.418496248168701, 47.564473414157966 ], [ 34.418230447173869, 47.564476701680739 ], [ 34.41822316206239, 47.564206848279305 ], [ 34.41769156265962, 47.564213421415744 ], [ 34.41768428038278, 47.563943567938956 ], [ 34.416886885017469, 47.563953422932691 ], [ 34.41687718093695, 47.563593618152353 ], [ 34.416611384206462, 47.563596901877581 ], [ 34.416604107634022, 47.563327048245604 ], [ 34.416072516759989, 47.563333613787087 ], [ 34.416065243021947, 47.563063760079821 ], [ 34.415799448878403, 47.563067041896083 ], [ 34.41579217661053, 47.562797188144401 ], [ 34.415260590910385, 47.56280374986801 ], [ 34.415253321476769, 47.562533896041067 ], [ 34.414455946665718, 47.562543733915916 ], [ 34.414448681430386, 47.562273879982961 ], [ 34.414182891096658, 47.562277158012286 ], [ 34.414175627331332, 47.562007304034928 ], [ 34.413644049250877, 47.562013858184791 ], [ 34.413636788319572, 47.561744004132272 ], [ 34.413371000572852, 47.56174728025281 ], [ 34.413363741111425, 47.561477426155918 ], [ 34.412566381681266, 47.561487250730877 ], [ 34.412559126417761, 47.561217396528065 ], [ 34.412027555957351, 47.561223943104579 ], [ 34.41202030352764, 47.560954088826684 ], [ 34.411754519590971, 47.560957361160618 ], [ 34.411747268630968, 47.560687506838363 ], [ 34.411215703344702, 47.560694049597629 ], [ 34.411201207197649, 47.560154340789424 ], [ 34.410935427212017, 47.560157611184039 ], [ 34.410906441641359, 47.55907819328155 ], [ 34.410374892440537, 47.559084731977975 ], [ 34.410353162554642, 47.558275168224043 ], [ 34.410087391975367, 47.558278436556634 ], [ 34.410080150255027, 47.558008581914102 ], [ 34.409814380992643, 47.558011849600319 ], [ 34.409809554146918, 47.557831946477293 ], [ 34.409942438329381, 47.557830312721357 ], [ 34.409925543147665, 47.557200651778928 ], [ 34.409659777953117, 47.557203919065245 ], [ 34.40963082157608, 47.556124500011805 ], [ 34.409099301955862, 47.556131032492054 ], [ 34.409070358175967, 47.55505161297561 ], [ 34.408804603750013, 47.555054878169621 ], [ 34.408775667111705, 47.553975458312941 ], [ 34.40824416902754, 47.553981986608868 ], [ 34.40823693785854, 47.553712131549396 ], [ 34.408502685560563, 47.553708867739871 ], [ 34.40849545313349, 47.553439012697453 ], [ 34.408761199425186, 47.553435748303031 ], [ 34.408732265317347, 47.552356328120091 ], [ 34.409130876486515, 47.552351430558339 ], [ 34.409058528147241, 47.549652879609354 ], [ 34.409324255235312, 47.549649614105554 ], [ 34.409302548700175, 47.548840048647783 ], [ 34.409833994556799, 47.548833515977861 ], [ 34.409812280792181, 47.548023950581822 ], [ 34.409546561976576, 47.548027217132457 ], [ 34.409541737733178, 47.547847313674026 ], [ 34.409674596692497, 47.547845680485871 ], [ 34.409672184361199, 47.547755728759512 ], [ 34.409007890583332, 47.547763893136135 ], [ 34.409003068227626, 47.547583989627768 ], [ 34.409135926552281, 47.547582357070375 ], [ 34.409133515164825, 47.547492405319026 ], [ 34.408203508236461, 47.547503829953918 ], [ 34.408196278914922, 47.547233974583492 ], [ 34.408594851338535, 47.54722907928052 ], [ 34.408587620077867, 47.546959223942494 ], [ 34.408056192882292, 47.546965750644091 ], [ 34.408048964452952, 47.546695895231153 ], [ 34.407251827397381, 47.546705680575997 ], [ 34.407249419307313, 47.546615728738018 ], [ 34.406585139241749, 47.546623878935577 ], [ 34.406599581142743, 47.547163590093902 ], [ 34.405005291437163, 47.547183135242221 ], [ 34.40501250436742, 47.54745299098461 ], [ 34.404481071365666, 47.547459501171808 ], [ 34.4044666510623, 47.546919789551133 ], [ 34.404200937217382, 47.546923043660456 ], [ 34.404215354794729, 47.547462755342259 ], [ 34.4028867712398, 47.547479016963081 ], [ 34.402879569213717, 47.547209160976209 ], [ 34.402613853725768, 47.54721241142353 ], [ 34.402635456029792, 47.548021979434985 ], [ 34.40183829701872, 47.548031727359117 ], [ 34.401831100234972, 47.547761871277324 ], [ 34.401299663387292, 47.547768366755157 ], [ 34.401314051607372, 47.548308079027223 ], [ 34.401048330387468, 47.548311325903988 ], [ 34.40105072801056, 47.548401277954213 ], [ 34.400917867155947, 47.548402901166874 ], [ 34.400922661982698, 47.548582805272979 ], [ 34.400656939329799, 47.548586051257054 ], [ 34.400664130294139, 47.548855907435353 ], [ 34.400265544182766, 47.548860775303218 ], [ 34.400263147864578, 47.548770823230058 ], [ 34.400130286031356, 47.548772445539868 ], [ 34.400137474339282, 47.549042301770086 ], [ 34.399074573801961, 47.549055274831254 ], [ 34.39908175676198, 47.549325131169766 ], [ 34.398550303487781, 47.549331614068443 ], [ 34.398557483826103, 47.549601470454263 ], [ 34.398291755756048, 47.549604711010829 ], [ 34.398298934835807, 47.549874567413511 ], [ 34.397501746256999, 47.549884285481617 ], [ 34.397508921351694, 47.550154141962011 ], [ 34.396711728264897, 47.550163854581946 ], [ 34.396726070588421, 47.550703567684479 ], [ 34.395928868903944, 47.550713274947356 ], [ 34.395921701779756, 47.550443418311687 ], [ 34.395655969155349, 47.550446652804574 ], [ 34.395660746317674, 47.550626557250126 ], [ 34.395527879533638, 47.550628174275879 ], [ 34.395530267904995, 47.550718126501465 ], [ 34.394998799743973, 47.550724593085974 ], [ 34.395005962201061, 47.550994449814382 ], [ 34.393943019869106, 47.551007375718761 ], [ 34.39393586286522, 47.550737518868928 ], [ 34.393138659719348, 47.550747206743281 ], [ 34.393143428317067, 47.550927111372019 ], [ 34.392611957503725, 47.550933566917813 ], [ 34.392604807351127, 47.550663709911781 ], [ 34.391807604873662, 47.550673388523187 ], [ 34.391814750936362, 47.550943245620118 ], [ 34.39154901532131, 47.550946470623195 ], [ 34.391556160124836, 47.551216327736867 ], [ 34.390758948912044, 47.551225999143846 ], [ 34.390766089729659, 47.551495856334796 ], [ 34.390234612629804, 47.551502300922394 ], [ 34.390241750824764, 47.551772158160283 ], [ 34.389444530738096, 47.55178182051597 ], [ 34.389451664946918, 47.552051677831088 ], [ 34.386661377054089, 47.552085452767194 ], [ 34.386654257160941, 47.551815595134791 ], [ 34.385857035204502, 47.551825232561242 ], [ 34.38585466329323, 47.551735279983923 ], [ 34.385588923003347, 47.551738491218273 ], [ 34.385581808702071, 47.551468633447072 ], [ 34.384253113378442, 47.551484680235035 ], [ 34.384260220862821, 47.551754538156978 ], [ 34.383462999025937, 47.551764158933736 ], [ 34.383470102523695, 47.552034016932502 ], [ 34.382407133976727, 47.55204683613772 ], [ 34.382414232124304, 47.552316694243331 ], [ 34.381617001140967, 47.552326302274288 ], [ 34.38162409530166, 47.552596160456595 ], [ 34.38082685981437, 47.552605763037782 ], [ 34.380833949988052, 47.552875621296735 ], [ 34.379903836624948, 47.552886817411299 ], [ 34.379910922129746, 47.553156675761876 ], [ 34.37911367756621, 47.553166266519845 ], [ 34.379120759083726, 47.553436124946963 ], [ 34.378589259751614, 47.553442515767777 ], [ 34.378586900143326, 47.553352562940226 ], [ 34.378321150862988, 47.553355757417272 ], [ 34.378335305957599, 47.553895474419946 ], [ 34.377803801805214, 47.55390186164729 ], [ 34.37781087678011, 47.5541717201883 ], [ 34.376747862471127, 47.554184487375849 ], [ 34.376740792950542, 47.553914628714899 ], [ 34.375943535828647, 47.553924197551922 ], [ 34.375950601258488, 47.554194056302755 ], [ 34.374887585667551, 47.554206806253617 ], [ 34.374901705927293, 47.554746523954186 ], [ 34.373971557139626, 47.554757672290911 ], [ 34.373978612651094, 47.555027531225598 ], [ 34.373181337725057, 47.555037081030314 ], [ 34.373188389248362, 47.555306940041149 ], [ 34.3723911098202, 47.555316484394965 ], [ 34.372398157355214, 47.555586343481927 ], [ 34.371600873425066, 47.555595882384736 ], [ 34.371629048227483, 47.556675318955492 ], [ 34.371496164805045, 47.556676908293667 ], [ 34.371493817069393, 47.556586955249415 ], [ 34.370829400922567, 47.556594899606743 ], [ 34.37083644075426, 47.556864758809638 ], [ 34.370570672851926, 47.556867935505025 ], [ 34.37057771142242, 47.557137794724198 ], [ 34.370046172753341, 47.557144146327666 ], [ 34.370053208698771, 47.557414005592967 ], [ 34.369787437932018, 47.557417180501027 ], [ 34.369789782815346, 47.557507133596388 ], [ 34.369656897187568, 47.557508720824522 ], [ 34.369661586533766, 47.55768862702066 ], [ 34.36886426980022, 47.557698147216747 ], [ 34.368871299813335, 47.557968006589128 ], [ 34.368073978578266, 47.557977521333513 ], [ 34.368081004602168, 47.558247380781729 ], [ 34.367283678865746, 47.55825689007429 ], [ 34.367290700900305, 47.558526749598286 ], [ 34.366227593825883, 47.558539420154396 ], [ 34.366234610507036, 47.55880927978388 ], [ 34.364241272552988, 47.558833010747563 ], [ 34.364238937057792, 47.55874305746493 ], [ 34.362777156769106, 47.558760438105743 ], [ 34.362781822769662, 47.558940344778371 ], [ 34.362648933129812, 47.558941923922966 ], [ 34.362651265919766, 47.559031877261965 ], [ 34.359727685976196, 47.559066579607972 ], [ 34.359720702644054, 47.558796719260435 ], [ 34.358923365800798, 47.558806170517862 ], [ 34.35891638666233, 47.558536310068 ], [ 34.358650608988093, 47.558539459226139 ], [ 34.358657586762611, 47.558809319705581 ], [ 34.358391807679212, 47.558812468277601 ], [ 34.358384831268658, 47.55854260776858 ], [ 34.358119053504019, 47.558545755695313 ], [ 34.358133003698875, 47.559085476758973 ], [ 34.358664564638836, 47.559079180171501 ], [ 34.358678520696436, 47.559618901062706 ], [ 34.35814695430043, 47.559625197768483 ], [ 34.358153929753733, 47.559895058252941 ], [ 34.357090790963326, 47.559907644394023 ], [ 34.35709776106205, 47.56017750498318 ], [ 34.35683197488747, 47.560180650008661 ], [ 34.356829651964631, 47.560090696470596 ], [ 34.355766508633685, 47.560103270375762 ], [ 34.355773471979738, 47.560373131103567 ], [ 34.354577428731282, 47.560387265103664 ], [ 34.354563514417343, 47.559847543368953 ], [ 34.355227976181069, 47.559839692833549 ], [ 34.355221015766105, 47.559569832019633 ], [ 34.355752582246076, 47.559563548879545 ], [ 34.355745619204527, 47.559293688111133 ], [ 34.354948273509002, 47.55930311180915 ], [ 34.354955232458472, 47.559572972666103 ], [ 34.354423665707962, 47.559579252111824 ], [ 34.35442830324525, 47.559759159381599 ], [ 34.35429541107478, 47.559760728868042 ], [ 34.354297729632975, 47.559850682505576 ], [ 34.353766159929044, 47.559856958931618 ], [ 34.353773112943109, 47.560126819894201 ], [ 34.353507326659496, 47.5601299572131 ], [ 34.353521230263489, 47.560669679156604 ], [ 34.352989652104768, 47.56067595206504 ], [ 34.353010500085894, 47.561485535055631 ], [ 34.352213120232811, 47.561494940065195 ], [ 34.352220065669883, 47.561764801123353 ], [ 34.351954270931316, 47.56176793492444 ], [ 34.351961215105426, 47.562037795998499 ], [ 34.351429622764911, 47.562044061812209 ], [ 34.351436564311776, 47.562313922931622 ], [ 34.351170766709821, 47.562317054944224 ], [ 34.351177706993624, 47.562586916079532 ], [ 34.350646108926306, 47.562593178316199 ], [ 34.350653046582728, 47.562863039496804 ], [ 34.350254345867832, 47.562867734601937 ], [ 34.350261281578945, 47.563137595813131 ], [ 34.349995479681866, 47.563140725142873 ], [ 34.350002414129769, 47.563410586369919 ], [ 34.349736610823456, 47.563413715113256 ], [ 34.349741232935322, 47.563593622610043 ], [ 34.349475428674531, 47.563596750757149 ], [ 34.349482360562199, 47.563866612020448 ], [ 34.349216554892145, 47.563869739581115 ], [ 34.349223485516497, 47.564139600860265 ], [ 34.348691871312923, 47.56414585419288 ], [ 34.348698799309517, 47.564415715517256 ], [ 34.348432990776004, 47.564418841289175 ], [ 34.348446844343329, 47.56495856395609 ], [ 34.347915221683955, 47.564964813769869 ], [ 34.347922145890173, 47.565234675141738 ], [ 34.347656333128732, 47.565237799154204 ], [ 34.347663256071414, 47.565507660541911 ], [ 34.346334184769155, 47.565523271513079 ], [ 34.346343406419692, 47.565883086871189 ], [ 34.346210498318165, 47.565884647141047 ], [ 34.346215108755814, 47.566064554820855 ], [ 34.346480925857357, 47.566061434107645 ], [ 34.346501677474969, 47.566871018504472 ], [ 34.345970035039691, 47.566877259490923 ], [ 34.345976949718043, 47.567147120988132 ], [ 34.34517948163532, 47.567156477936528 ], [ 34.345193303106633, 47.56769620106617 ], [ 34.344927477593551, 47.567699318875754 ], [ 34.344934387115664, 47.567969180449595 ], [ 34.344402733225884, 47.567975414279601 ], [ 34.344409640119352, 47.568245275898477 ], [ 34.34414381174264, 47.568248391918878 ], [ 34.344150717372095, 47.568518253553506 ], [ 34.343619057755014, 47.568524483805092 ], [ 34.343625960755695, 47.568794345484733 ], [ 34.343360129515325, 47.568797459715888 ], [ 34.343367031251894, 47.569067321411268 ], [ 34.343101198602056, 47.569070435055743 ], [ 34.34310809907447, 47.569340296766846 ], [ 34.342975182050395, 47.569341853372741 ], [ 34.342979781966299, 47.569521761182379 ], [ 34.342182276857621, 47.569531097642439 ], [ 34.342189172720879, 47.569800959433373 ], [ 34.34165749969538, 47.569807180718769 ], [ 34.341664392929523, 47.570077042554608 ], [ 34.341398554984934, 47.570080152302602 ], [ 34.341405446954724, 47.570350014154144 ], [ 34.340873768201902, 47.570356231860629 ], [ 34.340880657542428, 47.570626093757092 ], [ 34.340614816734181, 47.570629201715569 ], [ 34.34062170481026, 47.570899063627699 ], [ 34.340090020330081, 47.570905277755124 ], [ 34.340096905776761, 47.571175139712125 ], [ 34.339831062104828, 47.57117824588105 ], [ 34.339837946286956, 47.571448107853698 ], [ 34.339040410908751, 47.571457422752069 ], [ 34.339047291096378, 47.571727284798719 ], [ 34.338515597891409, 47.571733491709303 ], [ 34.338522475449395, 47.57200335380076 ], [ 34.337857855280056, 47.572011109046841 ], [ 34.337864729525812, 47.572280971197642 ], [ 34.337067180860139, 47.572290272498265 ], [ 34.337074051111053, 47.572560134722941 ], [ 34.33627649794964, 47.57256943056678 ], [ 34.336283364205592, 47.572839292865282 ], [ 34.335751659145416, 47.572845487072591 ], [ 34.335749371292351, 47.572755532955199 ], [ 34.335483519150564, 47.572758629125119 ], [ 34.335490381378072, 47.573028491501901 ], [ 34.333629405585569, 47.5730501476461 ], [ 34.333636258357544, 47.573320010212825 ], [ 34.332572837181509, 47.573332371715786 ], [ 34.332586532104266, 47.573872097040997 ], [ 34.332054815789505, 47.573878274212319 ], [ 34.332059379032309, 47.574058182680723 ], [ 34.331926449470842, 47.574059726598193 ], [ 34.331935575179394, 47.574419543536372 ], [ 34.331137992117135, 47.574428803922885 ], [ 34.33114483241939, 47.574698666697749 ], [ 34.330613107425862, 47.574704837266417 ], [ 34.330606269853988, 47.574434974433579 ], [ 34.328213517477636, 47.574462711236464 ], [ 34.328211242404727, 47.574372756868968 ], [ 34.325818490541479, 47.574400443683729 ], [ 34.325811677675709, 47.574130580312179 ], [ 34.325014097021864, 47.574139798074626 ], [ 34.325007288350911, 47.573869934602961 ], [ 34.324741429409876, 47.573873005929464 ], [ 34.324734622203337, 47.573603142415458 ], [ 34.32420290691924, 47.573609283162611 ], [ 34.32419610254221, 47.573339419577387 ], [ 34.323930246199147, 47.573342488998044 ], [ 34.323923443286432, 47.573072625370507 ], [ 34.323391733198285, 47.573078762306018 ], [ 34.323384933114937, 47.572808898607335 ], [ 34.323119079369853, 47.57281196612221 ], [ 34.323105482230709, 47.572272238626681 ], [ 34.322573780068637, 47.572278371693095 ], [ 34.322560188786063, 47.571738644028343 ], [ 34.322294340369019, 47.571741709579904 ], [ 34.322287546241348, 47.571471845698476 ], [ 34.321755852005182, 47.571477974895984 ], [ 34.321749060706516, 47.571208110943473 ], [ 34.31988813904907, 47.571229543529157 ], [ 34.319885878489771, 47.571139588808208 ], [ 34.319354187102, 47.571145706840923 ], [ 34.319360966082897, 47.571415571056775 ], [ 34.319095118958138, 47.571418629177863 ], [ 34.319115452398805, 47.57222822183062 ], [ 34.318849601135071, 47.572231279421871 ], [ 34.31885411888819, 47.572411188902933 ], [ 34.318721192784835, 47.572412717477128 ], [ 34.318723451450346, 47.572502672220189 ], [ 34.317394187538163, 47.572517949539552 ], [ 34.317400956775153, 47.572787813903282 ], [ 34.31713510249601, 47.572790867547752 ], [ 34.317141870466592, 47.573060731926681 ], [ 34.316344303270739, 47.573069889249872 ], [ 34.316351067244632, 47.573339753701347 ], [ 34.314224208540118, 47.573364146353022 ], [ 34.314230961691429, 47.573634011020175 ], [ 34.312369948471336, 47.573655322447813 ], [ 34.312367700595331, 47.573565367493522 ], [ 34.311835983049136, 47.573571450909242 ], [ 34.311842723979566, 47.573841315824801 ], [ 34.310380492318352, 47.573858032668873 ], [ 34.31038722583849, 47.574127897727998 ], [ 34.309057916356892, 47.574143078829856 ], [ 34.309064643149114, 47.574412944018128 ], [ 34.308532916320836, 47.574419012203379 ], [ 34.308539640480653, 47.574688877435172 ], [ 34.308273775635911, 47.574691910632176 ], [ 34.308280498528511, 47.574961775878975 ], [ 34.308014632274933, 47.574964808488389 ], [ 34.308021353900273, 47.575234673750217 ], [ 34.307223750782384, 47.575243767967322 ], [ 34.307230468409806, 47.575513633301107 ], [ 34.306698730049604, 47.57551969308895 ], [ 34.306705445044329, 47.575789558466184 ], [ 34.305641962340488, 47.575801670762409 ], [ 34.305648671971717, 47.576071536239965 ], [ 34.305249863730367, 47.576076075852235 ], [ 34.305256571411377, 47.576345941358973 ], [ 34.304990697830767, 47.576348967025439 ], [ 34.30498846238136, 47.576259011848535 ], [ 34.304456716000026, 47.576265061314146 ], [ 34.304463419650077, 47.576534926897153 ], [ 34.303665795656123, 47.576543996559856 ], [ 34.303672495307694, 47.576813862214607 ], [ 34.303140743030475, 47.576819905632547 ], [ 34.303147440048868, 47.577089771330598 ], [ 34.302881562479726, 47.577092792143738 ], [ 34.302888258230311, 47.577362657856703 ], [ 34.302356500230964, 47.577368697691313 ], [ 34.302363193348228, 47.577638563447557 ], [ 34.302097312918022, 47.577641582468999 ], [ 34.302104004767386, 47.577911448240116 ], [ 34.301572241045882, 47.577917484491273 ], [ 34.301578930261797, 47.578187350305633 ], [ 34.301313046970499, 47.578190367535313 ], [ 34.301319734918415, 47.578460233364552 ], [ 34.300787965474733, 47.578466266032095 ], [ 34.300794650789051, 47.578736131904535 ], [ 34.300395821544221, 47.578740654830241 ], [ 34.300402504907652, 47.579010520731714 ], [ 34.299870729698469, 47.579016549199316 ], [ 34.299877410428152, 47.579286415143955 ], [ 34.299345632314591, 47.579292441203442 ], [ 34.299352310410441, 47.579562307191217 ], [ 34.298820529392522, 47.579568330842541 ], [ 34.298827204854476, 47.579838196873439 ], [ 34.29856131291497, 47.579841207803092 ], [ 34.298567987108591, 47.580111073848812 ], [ 34.298036200368514, 47.58011709391608 ], [ 34.298042871928082, 47.58038696000488 ], [ 34.297644029711002, 47.580391473480184 ], [ 34.297641806529839, 47.580301518104612 ], [ 34.297242964898345, 47.580306030179294 ], [ 34.297249632425675, 47.58057589634393 ], [ 34.296983736584963, 47.580578903651713 ], [ 34.29699040284379, 47.580848769831121 ], [ 34.296458608301329, 47.580854782654505 ], [ 34.296465271925875, 47.581124648876944 ], [ 34.296199373224113, 47.581127654392539 ], [ 34.29620603558007, 47.58139752062975 ], [ 34.295674235315502, 47.58140352986868 ], [ 34.295678675119063, 47.581583440723648 ], [ 34.295545724570687, 47.581584942657642 ], [ 34.295547944261024, 47.581674898087584 ], [ 34.295282042676632, 47.581677901502793 ], [ 34.295286481179133, 47.581857812377002 ], [ 34.245429010592105, 47.582410065706433 ], [ 34.245424742824255, 47.582230151373089 ], [ 34.245158833262884, 47.582233038621688 ], [ 34.245150299672886, 47.581873209900941 ], [ 34.245283253548138, 47.581871766371762 ], [ 34.245278986360056, 47.581691852011481 ], [ 34.244614219156645, 47.58169906807148 ], [ 34.244609954286538, 47.581519153660039 ], [ 34.244742907292661, 47.581517710765219 ], [ 34.244734376766246, 47.581157881942531 ], [ 34.244202568321931, 47.581163652525106 ], [ 34.244189778306676, 47.580623909137934 ], [ 34.243923876754046, 47.580626793450612 ], [ 34.243911089843408, 47.580087049955601 ], [ 34.243379292077073, 47.580092816623818 ], [ 34.243366511002414, 47.579553072966796 ], [ 34.243100614788659, 47.579555955322377 ], [ 34.243068670561208, 47.578206595809704 ], [ 34.242536891666497, 47.578212358401437 ], [ 34.242524120090145, 47.577672614394196 ], [ 34.243055893522317, 47.577666851910749 ], [ 34.243036728662616, 47.576857235961761 ], [ 34.242239080742522, 47.576865878519023 ], [ 34.242200778116903, 47.575246645771706 ], [ 34.24166902901591, 47.575252404071037 ], [ 34.241645633518289, 47.574262872511667 ], [ 34.241778568305804, 47.574261433217465 ], [ 34.241731776056625, 47.572282369657003 ], [ 34.24199763558854, 47.572279490804881 ], [ 34.241972109191494, 47.57120000139431 ], [ 34.242503817209851, 47.571194242058269 ], [ 34.242454874845492, 47.569125220503132 ], [ 34.242587796591508, 47.569123780387812 ], [ 34.242585668559215, 47.569033822915522 ], [ 34.242186903972652, 47.569038142785907 ], [ 34.242184776633195, 47.568948185298602 ], [ 34.242317697944898, 47.56894674550032 ], [ 34.242268766758563, 47.566877722984664 ], [ 34.242800430973595, 47.566871962666433 ], [ 34.242787661756552, 47.566332217640948 ], [ 34.24305349107243, 47.566329336612029 ], [ 34.243040719498197, 47.565789591587034 ], [ 34.242774892911832, 47.565792472561817 ], [ 34.242768508629084, 47.56552260000214 ], [ 34.243034333850723, 47.565519719054421 ], [ 34.243015177466859, 47.564710101376114 ], [ 34.243546819597896, 47.564704337795312 ], [ 34.243531914399163, 47.564074635199539 ], [ 34.243664823313985, 47.564073193950989 ], [ 34.243660564324038, 47.563893278919231 ], [ 34.243926381212894, 47.563890395978262 ], [ 34.243919991441004, 47.563620523446545 ], [ 34.244717437765402, 47.563611871009527 ], [ 34.24470465031375, 47.563072126068434 ], [ 34.245767900583189, 47.563060581080194 ], [ 34.2457615015391, 47.562790708697982 ], [ 34.246293123696049, 47.562784932562849 ], [ 34.246295257610058, 47.562874890006995 ], [ 34.247358503245508, 47.562863330310037 ], [ 34.24735209607659, 47.562593458081757 ], [ 34.247883715916267, 47.562587674592365 ], [ 34.247877306111782, 47.562317802405012 ], [ 34.248143114604851, 47.562314909763685 ], [ 34.248136703529354, 47.562045037590096 ], [ 34.247870896400748, 47.562047930204251 ], [ 34.247864486783143, 47.561778057990054 ], [ 34.247067069241503, 47.561786732055857 ], [ 34.247060663810601, 47.561516859746767 ], [ 34.247326468334911, 47.561513969034515 ], [ 34.24730724850933, 47.560704352108203 ], [ 34.247041448078171, 47.560707242738985 ], [ 34.247035043020766, 47.560437370376228 ], [ 34.246769243912446, 47.560440260364018 ], [ 34.246767109368847, 47.560350302897746 ], [ 34.246900008700806, 47.56034885798536 ], [ 34.246895739189931, 47.560168943057356 ], [ 34.246629941425191, 47.560171832710097 ], [ 34.246617135870117, 47.559632087836057 ], [ 34.246882930906267, 47.559629198237616 ], [ 34.246870122996029, 47.559089453364194 ], [ 34.247401707486844, 47.559083672428514 ], [ 34.247395300943303, 47.558813800026009 ], [ 34.247661091762232, 47.558810908661634 ], [ 34.247654683947879, 47.558541036272864 ], [ 34.247388894493149, 47.558543927610067 ], [ 34.247382488136395, 47.558274055180732 ], [ 34.246850911830805, 47.558279835953485 ], [ 34.246857315459195, 47.558549708437127 ], [ 34.246591525879978, 47.558552597926983 ], [ 34.246597928237513, 47.558822470424381 ], [ 34.245800555158411, 47.558831135280656 ], [ 34.245794156893496, 47.558561262701858 ], [ 34.24566126202614, 47.5585627062922 ], [ 34.245659129519254, 47.558472748758433 ], [ 34.245260445537106, 47.558477078592198 ], [ 34.245254050124906, 47.558207205941272 ], [ 34.243659321449435, 47.558224511258665 ], [ 34.243665708676531, 47.558494384072176 ], [ 34.243931498256799, 47.558491501364962 ], [ 34.243935757369393, 47.558671416548471 ], [ 34.243802862129698, 47.558672857988078 ], [ 34.243804991474143, 47.558762815582092 ], [ 34.243273409502429, 47.558768579819102 ], [ 34.243292565882605, 47.559578198260745 ], [ 34.243026770741949, 47.55958107953677 ], [ 34.24304592386698, 47.560390697938935 ], [ 34.242514325275735, 47.560396458805918 ], [ 34.242520707108184, 47.560666331633939 ], [ 34.242254906386187, 47.560669211170755 ], [ 34.242267667601439, 47.561208956840666 ], [ 34.241470257001161, 47.561217591918364 ], [ 34.241476633655083, 47.561487464814334 ], [ 34.240679218589733, 47.561496094430517 ], [ 34.240685591243313, 47.561765967394152 ], [ 34.238957848458426, 47.561784646056992 ], [ 34.238964212335944, 47.562054519182709 ], [ 34.237900979682919, 47.56206600091933 ], [ 34.237898860199387, 47.561976043176294 ], [ 34.233911738706887, 47.562019011793311 ], [ 34.233918076721146, 47.562288885421658 ], [ 34.233652266928317, 47.562291745096076 ], [ 34.23365860367047, 47.562561618737895 ], [ 34.23312698123263, 47.562567336292844 ], [ 34.233133315338108, 47.562837209974965 ], [ 34.232335877279979, 47.562845781768814 ], [ 34.232346427504865, 47.563295571343474 ], [ 34.232213519988818, 47.56329699945924 ], [ 34.232221959443571, 47.563656831110059 ], [ 34.23195614256128, 47.563659686915457 ], [ 34.23196247089539, 47.563929560664768 ], [ 34.232228289142299, 47.563926704832532 ], [ 34.232234618933298, 47.564196578541612 ], [ 34.232766258033337, 47.56419086497575 ], [ 34.232772590645915, 47.564460738617754 ], [ 34.233038411499038, 47.564457880884092 ], [ 34.233044745568606, 47.564727754485837 ], [ 34.233576389881051, 47.564722037117065 ], [ 34.23358272677234, 47.564991910651699 ], [ 34.234114373649923, 47.564986190765495 ], [ 34.234108034029269, 47.564716317284606 ], [ 34.234373856041763, 47.564713456444494 ], [ 34.234449953967527, 47.567951937008054 ], [ 34.233918277146401, 47.567957658717418 ], [ 34.233962654641921, 47.569846771864555 ], [ 34.234228502627914, 47.569843911129738 ], [ 34.234232730202308, 47.570023826615383 ], [ 34.234099805759435, 47.57002525706875 ], [ 34.234114601000819, 47.570654961253005 ], [ 34.233582896756182, 47.570660681651802 ], [ 34.233589234997751, 47.570930554905033 ], [ 34.233323381448699, 47.570933414207232 ], [ 34.233329718417536, 47.571203287473914 ], [ 34.232798008465956, 47.571209004283837 ], [ 34.232817011735733, 47.572018624164635 ], [ 34.232551152602809, 47.57202148172604 ], [ 34.232563819180655, 47.572561228299925 ], [ 34.232032095330744, 47.572566941681856 ], [ 34.232076412147485, 47.574456054644145 ], [ 34.231943476380721, 47.574457482698477 ], [ 34.231949807041083, 47.574727355938627 ], [ 34.231683934111373, 47.574730211612035 ], [ 34.231690263498621, 47.575000084865614 ], [ 34.231557326335668, 47.57500151248469 ], [ 34.231555216757236, 47.574911554730498 ], [ 34.231422279811611, 47.574912982191066 ], [ 34.231428607894934, 47.575182855462543 ], [ 34.230099231047738, 47.575197121730199 ], [ 34.230105552396012, 47.575466995122305 ], [ 34.228510290634837, 47.57548409447115 ], [ 34.228516603882355, 47.575753968010524 ], [ 34.228250725413425, 47.575756815772202 ], [ 34.228257037387486, 47.576026689324941 ], [ 34.227725277595908, 47.576032383053303 ], [ 34.227731586930943, 47.57630225664613 ], [ 34.227465705608282, 47.5763051026128 ], [ 34.227472013669754, 47.576574976218964 ], [ 34.226940248170699, 47.576580666357238 ], [ 34.226957062834515, 47.577300329384094 ], [ 34.226824119613418, 47.577301751569188 ], [ 34.226826221264766, 47.577391709445301 ], [ 34.226560334336725, 47.577394553362225 ], [ 34.226579245561545, 47.57820417426047 ], [ 34.227111027570686, 47.578198485650077 ], [ 34.227123640976316, 47.578738232741692 ], [ 34.227389534650989, 47.578735387458714 ], [ 34.22740845954641, 47.579545007915478 ], [ 34.227940254967621, 47.579539315340362 ], [ 34.22794656618165, 47.579809188745678 ], [ 34.228744263104048, 47.579800645180889 ], [ 34.228750578507537, 47.580070518492526 ], [ 34.229548279158998, 47.580061969301163 ], [ 34.22955459875206, 47.580331842519094 ], [ 34.22982050025314, 47.580328991529335 ], [ 34.229826821304201, 47.580598864707063 ], [ 34.230358626915134, 47.580593160825181 ], [ 34.230364950790104, 47.580863033935934 ], [ 34.230630854899964, 47.580860181043796 ], [ 34.230662482487659, 47.582209546262554 ], [ 34.230928393386129, 47.582206692620076 ], [ 34.230936829620298, 47.582566523252765 ], [ 34.228809526714507, 47.582589335421901 ] ], [ [ 34.36762615282737, 47.556093259798239 ], [ 34.368423445627108, 47.556083748449936 ], [ 34.368416418376853, 47.555813888938012 ], [ 34.368947943954922, 47.555807545020521 ], [ 34.368940914079666, 47.555537685554661 ], [ 34.369206675436686, 47.555534512702273 ], [ 34.369199644300195, 47.555264653252664 ], [ 34.369731164150174, 47.555258305760624 ], [ 34.369724130388825, 47.554988446357093 ], [ 34.36998988888179, 47.554985271717463 ], [ 34.369982853859312, 47.554715412330204 ], [ 34.370514367981215, 47.55470906126375 ], [ 34.370507330334007, 47.554439201922619 ], [ 34.370241574659474, 47.554442377733814 ], [ 34.370234538478464, 47.55417251834929 ], [ 34.369968784121959, 47.554175693515042 ], [ 34.369975818939366, 47.554445552929408 ], [ 34.369710063173684, 47.554448727509389 ], [ 34.369717096729993, 47.55471858694002 ], [ 34.369185582334673, 47.554724934312794 ], [ 34.369192613266193, 47.554994793789511 ], [ 34.368926854636555, 47.554997966582285 ], [ 34.368933884306877, 47.555267826075244 ], [ 34.368402364183638, 47.555274169873535 ], [ 34.368409391229029, 47.555544029412552 ], [ 34.368143629735421, 47.555547200418054 ], [ 34.368150655519528, 47.555817059973293 ], [ 34.367619129668334, 47.555823400196964 ], [ 34.36762615282737, 47.556093259798239 ] ], [ [ 34.370507330334007, 47.554439201922619 ], [ 34.370773085962945, 47.554436025495797 ], [ 34.370766047054701, 47.554166166170951 ], [ 34.371164678367194, 47.554161400421251 ], [ 34.371167025340348, 47.554251353516122 ], [ 34.371299902648971, 47.55424976462011 ], [ 34.371292861081933, 47.553979905345926 ], [ 34.371159984455105, 47.55398149422701 ], [ 34.371157637516163, 47.553891541127634 ], [ 34.370493255347327, 47.553899483199679 ], [ 34.370507330334007, 47.554439201922619 ] ], [ [ 34.371292861081933, 47.553979905345926 ], [ 34.371558614301378, 47.553976727122063 ], [ 34.371551571473397, 47.553706867864179 ], [ 34.371285819617526, 47.553710046058193 ], [ 34.371292861081933, 47.553979905345926 ] ], [ [ 34.371551571473397, 47.553706867864179 ], [ 34.372481702609598, 47.553695739337392 ], [ 34.37247465511183, 47.553425880170522 ], [ 34.373803406089827, 47.553409969343328 ], [ 34.373796351877125, 47.553140110312363 ], [ 34.374859346382912, 47.553127370689808 ], [ 34.374852286818999, 47.552857511764962 ], [ 34.373257802967153, 47.55287661732585 ], [ 34.373264854350012, 47.553146476430172 ], [ 34.371936109733014, 47.553162380952131 ], [ 34.371943154400995, 47.553432240192315 ], [ 34.371544528748068, 47.553437008592759 ], [ 34.371551571473397, 47.553706867864179 ] ], [ [ 34.374852286818999, 47.552857511764962 ], [ 34.376446769024533, 47.552838384043596 ], [ 34.376432633843713, 47.55229866651262 ], [ 34.375635401127688, 47.552308232963632 ], [ 34.375642464576202, 47.552578091825765 ], [ 34.374845227357987, 47.552587652826574 ], [ 34.374852286818999, 47.552857511764962 ] ] ] } },
{ "type": "Feature", "properties": { "area_km2": 14.1914, "name": "bilozerskyi_lyman", "code": 10 }, "geometry": { "type": "Polygon", "coordinates": [ [ [ 34.376517400860749, 47.484451441276299 ], [ 34.376515050477614, 47.484361487283209 ], [ 34.374524539118283, 47.484385368817179 ], [ 34.374517498225714, 47.484115506604553 ], [ 34.374252097875861, 47.484118688169261 ], [ 34.374245058444245, 47.483848825913206 ], [ 34.373714260324739, 47.483855187140584 ], [ 34.373707223712472, 47.483585324811216 ], [ 34.373441825942827, 47.483588504473907 ], [ 34.373434790791407, 47.483318642101118 ], [ 34.372903997832339, 47.483324999524513 ], [ 34.372896965500125, 47.483055137078459 ], [ 34.372100779795367, 47.483064668518416 ], [ 34.372093751640634, 47.482794805969291 ], [ 34.371828357673103, 47.482797981857956 ], [ 34.37183538446947, 47.483067844436903 ], [ 34.370243011559417, 47.483086887052238 ], [ 34.370250030307773, 47.483356749796499 ], [ 34.369719236257509, 47.483363092481881 ], [ 34.369726252391239, 47.483632955272171 ], [ 34.368930056900091, 47.483642464783934 ], [ 34.368923044841594, 47.483372601904321 ], [ 34.368790346232558, 47.483374186270744 ], [ 34.368788009128821, 47.483284231969584 ], [ 34.368655310734844, 47.483285816177506 ], [ 34.368648300170868, 47.483015953250089 ], [ 34.367852113644034, 47.483025455184489 ], [ 34.367845107257253, 47.482755592154277 ], [ 34.367314318729377, 47.482761923647352 ], [ 34.367307315161312, 47.482492060544111 ], [ 34.367041922187738, 47.482495225339811 ], [ 34.367034920079988, 47.482225362193297 ], [ 34.36650413671358, 47.482231689883058 ], [ 34.36649713742441, 47.481961826663579 ], [ 34.36623174703157, 47.481964989557646 ], [ 34.366224749202615, 47.481695126294902 ], [ 34.36569397099769, 47.48170145018149 ], [ 34.365679981078529, 47.481161723496562 ], [ 34.365414594624696, 47.481164884459403 ], [ 34.3654006078294, 47.480625157660917 ], [ 34.364869840218887, 47.480631477625749 ], [ 34.364848868938715, 47.479821887148333 ], [ 34.364583489140152, 47.479825046120695 ], [ 34.364548545832641, 47.478475728239118 ], [ 34.364283172779373, 47.478478886449139 ], [ 34.364290159879303, 47.478748750082204 ], [ 34.36402478542275, 47.478751907707903 ], [ 34.363996843065578, 47.477672452975732 ], [ 34.364129527583422, 47.477670874298951 ], [ 34.364094598530471, 47.476321555653115 ], [ 34.364359960742526, 47.476318397987349 ], [ 34.364325027443002, 47.474969079151194 ], [ 34.364855738153004, 47.474962762274508 ], [ 34.364834771247303, 47.474153170988259 ], [ 34.365100122461165, 47.474150011718073 ], [ 34.365086142317359, 47.473610284185526 ], [ 34.364820793818922, 47.47361344339636 ], [ 34.36480681679754, 47.473073715750289 ], [ 34.365204835455195, 47.473068976792831 ], [ 34.365183864576863, 47.47225938535567 ], [ 34.364653181156484, 47.47226570348063 ], [ 34.364639206510084, 47.471725975669436 ], [ 34.364373867447235, 47.471729133751822 ], [ 34.364345924805207, 47.470649677848236 ], [ 34.363815257404084, 47.470655991934272 ], [ 34.363787327248765, 47.469576535576763 ], [ 34.363521998910208, 47.469579691580485 ], [ 34.363515017982905, 47.469309827427615 ], [ 34.362719036768446, 47.469319291667112 ], [ 34.3627120600149, 47.469049427411797 ], [ 34.362181408360961, 47.469055733776614 ], [ 34.362174434423707, 47.468785869448531 ], [ 34.361909109886412, 47.468789021680642 ], [ 34.361895165031136, 47.468249292924646 ], [ 34.361364521250543, 47.468255595429177 ], [ 34.361343612872595, 47.467446002016018 ], [ 34.361078294986505, 47.467449152258872 ], [ 34.361043456505094, 47.466099829484854 ], [ 34.360512834169725, 47.466106127833513 ], [ 34.36049890491573, 47.465566398510809 ], [ 34.360233596394735, 47.46556954670541 ], [ 34.360224312260172, 47.465209727087441 ], [ 34.36035696562157, 47.465208153086557 ], [ 34.360352323169501, 47.46502824327839 ], [ 34.360087017340177, 47.465031391107019 ], [ 34.36007309296842, 47.464491661587296 ], [ 34.359807789808173, 47.464494808743098 ], [ 34.359772987437324, 47.46314548455905 ], [ 34.360038283812614, 47.463142337551027 ], [ 34.360024360859668, 47.462602607841745 ], [ 34.360554948047437, 47.462596312102988 ], [ 34.36049227535247, 47.460167528273111 ], [ 34.360226993992427, 47.460170676183203 ], [ 34.360224673391421, 47.460080721195631 ], [ 34.360357313850955, 47.460079147322197 ], [ 34.360352672230476, 47.459899237352388 ], [ 34.360883232147039, 47.459892940364107 ], [ 34.360876267087399, 47.459623075457223 ], [ 34.3611415456214, 47.4596199260723 ], [ 34.361120646980815, 47.458810331359146 ], [ 34.361651195773696, 47.458804030926039 ], [ 34.361630289906138, 47.457994436268535 ], [ 34.361895560165181, 47.457991285220423 ], [ 34.361881620714222, 47.457451555440215 ], [ 34.362412155670874, 47.457445251621735 ], [ 34.362398211199697, 47.456905521905789 ], [ 34.362663475897371, 47.456902369135463 ], [ 34.36264952911921, 47.456362639424569 ], [ 34.363047422011761, 47.456357909207554 ], [ 34.363026496501917, 47.455548314672903 ], [ 34.363557012062245, 47.455542005747354 ], [ 34.363550034382612, 47.455272140934639 ], [ 34.363815290738707, 47.455268985581263 ], [ 34.363801332971441, 47.454729255974449 ], [ 34.364331840122837, 47.454722943545796 ], [ 34.364324858678948, 47.454453078781349 ], [ 34.364590110830598, 47.454449921676456 ], [ 34.364571490526977, 47.453730282317473 ], [ 34.365101987461316, 47.45372396642545 ], [ 34.365088017282979, 47.45318423696164 ], [ 34.365353262969933, 47.453181078154785 ], [ 34.365346276677066, 47.452911213432216 ], [ 34.365744143088477, 47.452906474116226 ], [ 34.365730166739318, 47.452366744719491 ], [ 34.366260649704984, 47.45236042360321 ], [ 34.366253658970706, 47.452090558943866 ], [ 34.366518899029593, 47.452087397495291 ], [ 34.366511907040945, 47.451817532852111 ], [ 34.367042384310793, 47.451811208174071 ], [ 34.367035389711745, 47.451541343576736 ], [ 34.367300626922713, 47.451538180347306 ], [ 34.367286635317903, 47.450998451171408 ], [ 34.367551869771503, 47.450995287387997 ], [ 34.367558866879044, 47.451265151953002 ], [ 34.367824102643432, 47.451261987526493 ], [ 34.367817104179842, 47.450992122991188 ], [ 34.368082338542912, 47.450988957980982 ], [ 34.368075338825157, 47.450719093461871 ], [ 34.368871037574593, 47.450709594840106 ], [ 34.368864033890695, 47.450439730396653 ], [ 34.369394496785141, 47.450433394974695 ], [ 34.369387490491221, 47.450163530577186 ], [ 34.37084625505809, 47.450146095679557 ], [ 34.370839241408362, 47.449876231432235 ], [ 34.37136969819877, 47.449869886928731 ], [ 34.371362681939239, 47.449600022727445 ], [ 34.371627908910433, 47.449596849585447 ], [ 34.371630248104239, 47.44968680431078 ], [ 34.37242593010135, 47.449677281174779 ], [ 34.372418908486218, 47.449407417083698 ], [ 34.373214586006803, 47.44939788851692 ], [ 34.37320756042616, 47.449128024501768 ], [ 34.375329354300355, 47.449102588241544 ], [ 34.37532231797497, 47.448832724451712 ], [ 34.377576709249638, 47.448805655668345 ], [ 34.377569661501958, 47.448535792119166 ], [ 34.378895765699014, 47.448519848754877 ], [ 34.378902820225903, 47.448789712154323 ], [ 34.379035431260803, 47.44878811695957 ], [ 34.379037783018561, 47.448878071418044 ], [ 34.379966061525174, 47.448866900726479 ], [ 34.379959001540691, 47.448597037451449 ], [ 34.380754664319312, 47.448587456682873 ], [ 34.380761728371326, 47.448857319867926 ], [ 34.382618282746002, 47.448834943064412 ], [ 34.38261120920312, 47.448565080089509 ], [ 34.384069921467763, 47.448547477397149 ], [ 34.384072281789635, 47.448637431668509 ], [ 34.383939671415021, 47.448639032684945 ], [ 34.383944391641158, 47.448818941233192 ], [ 34.386463995386691, 47.448788495510328 ], [ 34.386466359810427, 47.448878449686866 ], [ 34.386731581468524, 47.44887524164389 ], [ 34.386738676164406, 47.449145104134359 ], [ 34.38806479054557, 47.449129054568679 ], [ 34.388057689070457, 47.44885919222893 ], [ 34.390444679859321, 47.44883026464197 ], [ 34.390437566285186, 47.448560402560332 ], [ 34.390702785898178, 47.448557185347546 ], [ 34.390695671071768, 47.448287323282557 ], [ 34.392419588621436, 47.448266396646218 ], [ 34.392412465086046, 47.447996534764165 ], [ 34.392677681642105, 47.447993313011963 ], [ 34.392670556854647, 47.447723451146594 ], [ 34.393200987117005, 47.447717005862785 ], [ 34.393193859721769, 47.447447144044368 ], [ 34.393724287088268, 47.447440696367885 ], [ 34.393726663778978, 47.447530650288684 ], [ 34.394257091864809, 47.447524200138801 ], [ 34.394249959115875, 47.447254338432472 ], [ 34.39478038430574, 47.447247885889986 ], [ 34.394773248949228, 47.44697802423066 ], [ 34.395038460119245, 47.446974797069785 ], [ 34.395031323510899, 47.446704935427185 ], [ 34.39556174300111, 47.446698479326201 ], [ 34.395554603785321, 47.446428617730646 ], [ 34.396350228607339, 47.446418929070546 ], [ 34.396343085428576, 47.446149067552405 ], [ 34.396608292254562, 47.44614583680282 ], [ 34.396605910766205, 47.446055882970541 ], [ 34.396738513935937, 47.446054267370833 ], [ 34.396733750541998, 47.445874359711858 ], [ 34.397529366606506, 47.445864662954655 ], [ 34.397522217535517, 47.445594801545916 ], [ 34.397787421442295, 47.445591568097363 ], [ 34.397773120901327, 47.445051845299894 ], [ 34.39830352315392, 47.445045376684504 ], [ 34.398296370328481, 47.444775515326135 ], [ 34.398561570029862, 47.444772280128959 ], [ 34.398547261980269, 47.444232557432251 ], [ 34.399077655822261, 47.444226085319727 ], [ 34.399049030128928, 47.443146640006411 ], [ 34.399314221558768, 47.443143403151915 ], [ 34.399299906626212, 47.442603680474527 ], [ 34.399697689618073, 47.442598824134237 ], [ 34.399683371036161, 47.442059101493733 ], [ 34.400213742775243, 47.442052624348818 ], [ 34.400206580929961, 47.441782763069021 ], [ 34.400339173158137, 47.441781143414758 ], [ 34.400341560654198, 47.441871097171131 ], [ 34.400474153096674, 47.441869477358509 ], [ 34.400466989965594, 47.441599616100071 ], [ 34.400997356909087, 47.441593135377516 ], [ 34.400983025538615, 47.441053412941599 ], [ 34.401248206230349, 47.44105017172145 ], [ 34.401241039346303, 47.440780310513553 ], [ 34.401771397880253, 47.440773826294659 ], [ 34.401749889722772, 47.43996424277212 ], [ 34.402015064854652, 47.439960999834319 ], [ 34.402007894322338, 47.439691138663406 ], [ 34.402538241736679, 47.43968465100933 ], [ 34.402533459632942, 47.439504743595123 ], [ 34.402666046005827, 47.439503121308555 ], [ 34.402663654745503, 47.439413167604272 ], [ 34.402928827004772, 47.43940992258144 ], [ 34.402921651938293, 47.439140061490001 ], [ 34.403186822796059, 47.439136815884524 ], [ 34.403179646478904, 47.438866954809974 ], [ 34.403444815935181, 47.438863708621888 ], [ 34.4034376383674, 47.438593847564221 ], [ 34.403702806422203, 47.438590600793503 ], [ 34.403688448889916, 47.438050878698391 ], [ 34.403953614188232, 47.438047631375568 ], [ 34.403946434223784, 47.437777770338116 ], [ 34.404476761971104, 47.437771273914208 ], [ 34.40446957940118, 47.437501412924178 ], [ 34.404734741850191, 47.437498163823101 ], [ 34.404727558029826, 47.437228302849995 ], [ 34.405523041033206, 47.43721855195988 ], [ 34.405515853252574, 47.43694869106475 ], [ 34.406311331772791, 47.436938934748603 ], [ 34.406306537267305, 47.436759027538699 ], [ 34.406439116528354, 47.436757400959756 ], [ 34.40643671906723, 47.436667447357642 ], [ 34.406967035091839, 47.436660939529595 ], [ 34.406969433456219, 47.436750893111338 ], [ 34.407499750197957, 47.436744382810673 ], [ 34.407492552429915, 47.436474522122047 ], [ 34.408022866275672, 47.436468009430307 ], [ 34.408015665902617, 47.436198148789224 ], [ 34.409076287615775, 47.436185116171458 ], [ 34.409069081928088, 47.435915255639188 ], [ 34.409599389795403, 47.435908735713248 ], [ 34.409592181502916, 47.435638875228591 ], [ 34.411448248085847, 47.435616036391487 ], [ 34.411441030414601, 47.435346176107714 ], [ 34.412369058106755, 47.435334745531996 ], [ 34.412361835798805, 47.43506488534198 ], [ 34.413952730953888, 47.435045272782233 ], [ 34.413947910721269, 47.434865366104113 ], [ 34.414743354958162, 47.4348555516099 ], [ 34.414736120632682, 47.434585691673568 ], [ 34.415001267263357, 47.434582418980199 ], [ 34.415030210615953, 47.435661858521016 ], [ 34.415825666484366, 47.435652036393925 ], [ 34.415832906650181, 47.435921896152884 ], [ 34.417158672268364, 47.435905513526578 ], [ 34.417151425328491, 47.435635653921473 ], [ 34.418212031560245, 47.435622536908973 ], [ 34.418219283919356, 47.435892396390905 ], [ 34.419014742165153, 47.435882552102271 ], [ 34.419021998694269, 47.43615241147814 ], [ 34.419817460582181, 47.436142561579707 ], [ 34.419824721281415, 47.436412420849464 ], [ 34.420355031681609, 47.436405851123624 ], [ 34.420362295196199, 47.436675710318084 ], [ 34.421157764508735, 47.436665851038896 ], [ 34.421172299984342, 47.437205569201794 ], [ 34.421437459037627, 47.437202281487551 ], [ 34.421459267109, 47.438011858537187 ], [ 34.421194103990906, 47.43801514634405 ], [ 34.421201372204614, 47.43828500536425 ], [ 34.420405878503416, 47.438294865198976 ], [ 34.420420407118094, 47.438834583383738 ], [ 34.419890072329018, 47.438841153664875 ], [ 34.419897334084851, 47.439111012798541 ], [ 34.419632165264822, 47.439114297050295 ], [ 34.419639425771273, 47.439384156201193 ], [ 34.419374255549222, 47.439387439870707 ], [ 34.419376675289826, 47.439477392928261 ], [ 34.419244089935361, 47.439479034538238 ], [ 34.419263446475917, 47.440198658985331 ], [ 34.418733097713464, 47.440205224056854 ], [ 34.418747610191225, 47.440744942451971 ], [ 34.418482433029297, 47.440748224129685 ], [ 34.418496943219061, 47.441287942532021 ], [ 34.417966583333687, 47.44129450417126 ], [ 34.41798108852484, 47.441834222642413 ], [ 34.41851145383113, 47.441827660879916 ], [ 34.41851870929554, 47.44209752003345 ], [ 34.418783893233559, 47.442094238201648 ], [ 34.418827436369305, 47.443713392652171 ], [ 34.419357820368447, 47.443706826779106 ], [ 34.419365080638165, 47.4439766857449 ], [ 34.419630273922699, 47.443973401857725 ], [ 34.419644797489966, 47.44451311968681 ], [ 34.419909993438381, 47.444509835124741 ], [ 34.419914835625029, 47.44468974103512 ], [ 34.419782237204885, 47.444691383403097 ], [ 34.419791920815491, 47.445051195226235 ], [ 34.420057119451336, 47.445047910295862 ], [ 34.420086176832655, 47.446127345496755 ], [ 34.41982097277473, 47.446130630550535 ], [ 34.419835499388554, 47.446670348131022 ], [ 34.419305085709446, 47.4466769165222 ], [ 34.419312346463691, 47.446946775353709 ], [ 34.419047138198081, 47.446950058660235 ], [ 34.419054397702361, 47.447219917508974 ], [ 34.418523978319008, 47.447226482343865 ], [ 34.418531235217642, 47.447496341240651 ], [ 34.4182660240999, 47.447499622769001 ], [ 34.418273279748476, 47.44776948168299 ], [ 34.416549397527724, 47.447790796868652 ], [ 34.41658563329311, 47.449140092235417 ], [ 34.417116072360223, 47.449133536168709 ], [ 34.41714507371772, 47.450212971970956 ], [ 34.416614623803987, 47.450219528283945 ], [ 34.416658112734879, 47.451838681948537 ], [ 34.417188578919706, 47.451832125266108 ], [ 34.417220001706163, 47.453001513452421 ], [ 34.417087382239487, 47.453003152919763 ], [ 34.417106718515775, 47.453722776333109 ], [ 34.417637203544636, 47.453716217379366 ], [ 34.417673474647259, 47.455065510710583 ], [ 34.417142976056702, 47.455072069972331 ], [ 34.417193741047093, 47.456961080495773 ], [ 34.41706111162312, 47.456962720035584 ], [ 34.417058694351404, 47.45687276716351 ], [ 34.416926065141752, 47.456874406544799 ], [ 34.416950236126098, 47.457773935248937 ], [ 34.416817604644088, 47.457775574528192 ], [ 34.416822438529543, 47.457955480261127 ], [ 34.41655717462605, 47.45795875838003 ], [ 34.416586173497961, 47.459038192773875 ], [ 34.416055634698502, 47.459044747417401 ], [ 34.416084624406444, 47.460124181839795 ], [ 34.415819349510173, 47.460127458364347 ], [ 34.415841088828962, 47.460937034130609 ], [ 34.415310530756045, 47.460943585523623 ], [ 34.415325018735949, 47.461483302756172 ], [ 34.415059736915843, 47.461486577593838 ], [ 34.415064565431742, 47.461666483346427 ], [ 34.414931924051878, 47.461668120545404 ], [ 34.414934338101283, 47.461758073424569 ], [ 34.414669054854187, 47.461761347372601 ], [ 34.414683536683107, 47.462301064677277 ], [ 34.414152964621451, 47.462307610855554 ], [ 34.414160202980483, 47.462577469548961 ], [ 34.41389491552264, 47.462580741748411 ], [ 34.41390215263025, 47.462850600458971 ], [ 34.413371574860534, 47.462857143078509 ], [ 34.413378809359877, 47.463127001836888 ], [ 34.412582938283862, 47.463136811256227 ], [ 34.412590168818028, 47.463406670093136 ], [ 34.412324877008956, 47.463409938703037 ], [ 34.412332106291515, 47.463679797557049 ], [ 34.41180151981937, 47.463686332997348 ], [ 34.411808746493428, 47.463956191899129 ], [ 34.410747567560641, 47.463969255538828 ], [ 34.410752381783418, 47.464149161547596 ], [ 34.409558550519876, 47.464163846498323 ], [ 34.409565765835531, 47.464433705638058 ], [ 34.408239278760604, 47.464450007829015 ], [ 34.408232070229523, 47.464180148536187 ], [ 34.407966774031522, 47.464183407102816 ], [ 34.407973981205672, 47.464453266426254 ], [ 34.407443385955929, 47.464459781779773 ], [ 34.407436181495612, 47.464189922395143 ], [ 34.40717088515774, 47.464193179120826 ], [ 34.407178088261141, 47.464463038536053 ], [ 34.405586301114042, 47.464482566186994 ], [ 34.405593496180636, 47.464752425772026 ], [ 34.404797597907702, 47.464762181404787 ], [ 34.404804789008132, 47.465032041067843 ], [ 34.404274187212934, 47.465038541815765 ], [ 34.404281375704066, 47.465308401526279 ], [ 34.403883422200096, 47.465313275522121 ], [ 34.403890608760356, 47.465583135264829 ], [ 34.403625305009243, 47.465586383858813 ], [ 34.403630095202857, 47.46576629036673 ], [ 34.403099485751802, 47.465772785754311 ], [ 34.403113851183349, 47.466312505363845 ], [ 34.402848543673997, 47.466315752198106 ], [ 34.402862906809595, 47.466855471814277 ], [ 34.402597596539593, 47.466858718095814 ], [ 34.402611957379108, 47.467398437718607 ], [ 34.40234664434837, 47.467401683447406 ], [ 34.402361002891652, 47.467941403076807 ], [ 34.402095687100115, 47.467944648252839 ], [ 34.402117221627222, 47.46875422768646 ], [ 34.40158658176145, 47.468760716380146 ], [ 34.401588973639903, 47.468850669663318 ], [ 34.401456313418223, 47.468852291458226 ], [ 34.401461096757522, 47.469032198030177 ], [ 34.401195775374511, 47.46903544117999 ], [ 34.401202949113205, 47.469305301057062 ], [ 34.400937626326495, 47.469308543623562 ], [ 34.400944798812318, 47.469578403517509 ], [ 34.400679474621882, 47.469581645500696 ], [ 34.400686645854798, 47.469851505411505 ], [ 34.400155994620079, 47.469857987597457 ], [ 34.400163163242681, 47.47012784755556 ], [ 34.399367181970696, 47.470137566322457 ], [ 34.399381511384711, 47.470677286380457 ], [ 34.398850851542043, 47.470683762611138 ], [ 34.398858013690678, 47.470953622680575 ], [ 34.398592682342411, 47.470956859905627 ], [ 34.398599843237882, 47.471226719991904 ], [ 34.398069177687482, 47.471233192661408 ], [ 34.398085880514145, 47.471862866285058 ], [ 34.397953212513876, 47.471864484104259 ], [ 34.397957984401778, 47.472044390850414 ], [ 34.397692647461518, 47.472047626048706 ], [ 34.39772127433136, 47.473127066520426 ], [ 34.3974559319146, 47.473130301226426 ], [ 34.397470243259477, 47.473670021441535 ], [ 34.397337570676122, 47.473671638594723 ], [ 34.397335185649311, 47.473581685224246 ], [ 34.396937168508614, 47.473586535747813 ], [ 34.396944321587334, 47.473856395900278 ], [ 34.396678975411383, 47.473859628845702 ], [ 34.396693279165916, 47.474399349170589 ], [ 34.396162581244539, 47.474405813341278 ], [ 34.396176879984765, 47.474945533733283 ], [ 34.395911528239267, 47.474948764958512 ], [ 34.395918676407781, 47.475218625164473 ], [ 34.395387970062572, 47.475225085833962 ], [ 34.395390351903373, 47.475315039253154 ], [ 34.395257675061877, 47.475316654041897 ], [ 34.395262438325567, 47.475496560885887 ], [ 34.395527792902172, 47.475493331134707 ], [ 34.395534939242161, 47.475763191359022 ], [ 34.395004227327171, 47.475769650308152 ], [ 34.395025658824551, 47.476579231081637 ], [ 34.394760298724258, 47.476582459726302 ], [ 34.394767441406884, 47.476852319987302 ], [ 34.394236718351934, 47.476858775495522 ], [ 34.394250998597627, 47.477398496098033 ], [ 34.393985634285059, 47.477401722991857 ], [ 34.39399277320593, 47.477671583303042 ], [ 34.393462041726387, 47.477678035309495 ], [ 34.393469178035318, 47.477947895667704 ], [ 34.393203810868336, 47.477951120780304 ], [ 34.393210945923201, 47.478220981155232 ], [ 34.392680208734816, 47.478227429599137 ], [ 34.392687341177606, 47.478497290021046 ], [ 34.392421971156196, 47.478500513352323 ], [ 34.392426725270411, 47.478680420312898 ], [ 34.392294039789732, 47.478682031758396 ], [ 34.392303547251267, 47.479041845681643 ], [ 34.392038174444615, 47.479045068152509 ], [ 34.392052433266883, 47.479584789052645 ], [ 34.39152168208296, 47.479591232273485 ], [ 34.391528808933636, 47.47986109276372 ], [ 34.390732677737624, 47.479870753080796 ], [ 34.390737426312846, 47.480050660127219 ], [ 34.390472048249904, 47.480053879025078 ], [ 34.390479169841058, 47.480323739613645 ], [ 34.389948410860683, 47.480330175627827 ], [ 34.389955529839241, 47.480600036263255 ], [ 34.389690148921801, 47.480603253379549 ], [ 34.389697266645847, 47.480873114031617 ], [ 34.389166501956481, 47.480879546482591 ], [ 34.389173617067804, 47.481149407181512 ], [ 34.388908233295858, 47.481152622516163 ], [ 34.388915347152569, 47.481422483231711 ], [ 34.387986498834579, 47.481433732173222 ], [ 34.387993608041079, 47.48170359298085 ], [ 34.387728221345611, 47.481706805612752 ], [ 34.387735329297378, 47.481976666436964 ], [ 34.387204553051959, 47.481983089918991 ], [ 34.387211658390676, 47.482252950789977 ], [ 34.386415489602889, 47.482262581498127 ], [ 34.386422590970206, 47.482532442446008 ], [ 34.386157199924064, 47.482535651484099 ], [ 34.386164300036455, 47.482805512448529 ], [ 34.385633515089708, 47.482811928742827 ], [ 34.385640612588823, 47.48308178975396 ], [ 34.384844430749233, 47.48309140968027 ], [ 34.384851524276627, 47.483361270768192 ], [ 34.384055337948801, 47.483370885258196 ], [ 34.384062427504354, 47.483640746422857 ], [ 34.383797030611596, 47.483643950054798 ], [ 34.383801756133721, 47.483823857510423 ], [ 34.382872863478291, 47.483835065456518 ], [ 34.382865779966693, 47.483565204165551 ], [ 34.382069589890257, 47.483574804898964 ], [ 34.382076669326658, 47.48384466628012 ], [ 34.380218881369728, 47.483867046708816 ], [ 34.38022595140027, 47.484136908286608 ], [ 34.377041150530097, 47.484175205089386 ], [ 34.37704820436219, 47.484445067013318 ], [ 34.376517400860749, 47.484451441276299 ] ] ] } },
{ "type": "Feature", "properties": { "area_km2": 0.1917, "name": "other_water", "code": 2 }, "geometry": { "type": "Polygon", "coordinates": [ [ [ 34.42521770835522, 47.439674868828959 ], [ 34.425210419251329, 47.439405010345112 ], [ 34.424680079832612, 47.439411602842078 ], [ 34.424672793544879, 47.439141744282715 ], [ 34.424407625119876, 47.439145039580588 ], [ 34.424400340293204, 47.438875180976659 ], [ 34.423870006011938, 47.438881769671234 ], [ 34.423862724001282, 47.438611910991831 ], [ 34.423597558145012, 47.438615204388562 ], [ 34.423575716813744, 47.437805628175852 ], [ 34.423045393089794, 47.4378122129445 ], [ 34.42302356084145, 47.437002636423756 ], [ 34.422758402973621, 47.437005927795738 ], [ 34.422746276616692, 47.436556162957544 ], [ 34.422878854427431, 47.436554517373935 ], [ 34.422876428965523, 47.436464564406904 ], [ 34.423141584100094, 47.436461272790211 ], [ 34.423134306430129, 47.436191413910962 ], [ 34.424725228119833, 47.436171651522478 ], [ 34.424717942426888, 47.435901792815208 ], [ 34.424983094522169, 47.435898496969124 ], [ 34.424975807580431, 47.435628638279184 ], [ 34.427892462613656, 47.435592343853145 ], [ 34.427899764458033, 47.435862202202237 ], [ 34.428695218903918, 47.435852290755896 ], [ 34.428697654230447, 47.435942243504869 ], [ 34.428962806069528, 47.43593893845302 ], [ 34.42897011347479, 47.436208796659848 ], [ 34.429765572772844, 47.436198877732991 ], [ 34.429772884348907, 47.436468735833031 ], [ 34.430303193020848, 47.436462120087832 ], [ 34.430310507412976, 47.436731978112142 ], [ 34.429780196031359, 47.436738593919465 ], [ 34.429787507820208, 47.437008451992277 ], [ 34.430582978886264, 47.436998527268521 ], [ 34.430590294846148, 47.437268385234511 ], [ 34.430325136516551, 47.437271694119879 ], [ 34.43033245122799, 47.437541552103326 ], [ 34.429802131717096, 47.437548168097038 ], [ 34.429809443825135, 47.43781802612898 ], [ 34.430339766045869, 47.437811410073131 ], [ 34.430354396000951, 47.438351125971892 ], [ 34.429028576544972, 47.438367661824074 ], [ 34.429033448774703, 47.438547567215089 ], [ 34.428768283838359, 47.438550872566992 ], [ 34.428790205391991, 47.439360446844717 ], [ 34.428259867247448, 47.439367055895445 ], [ 34.428267171934543, 47.439636914022849 ], [ 34.426013221194907, 47.439664975392319 ], [ 34.426005928025823, 47.439395117001396 ], [ 34.425475588889974, 47.439401713176977 ], [ 34.425482879348941, 47.439671571629859 ], [ 34.42521770835522, 47.439674868828959 ] ] ] } },
{ "type": "Feature", "properties": { "area_km2": 0.087, "name": "other_water", "code": 2 }, "geometry": { "type": "Polygon", "coordinates": [ [ [ 34.28587383989624, 47.425395677275603 ], [ 34.285867266607681, 47.425125802564111 ], [ 34.285602153364053, 47.425128776167739 ], [ 34.285595581525449, 47.424858901414879 ], [ 34.285065357619331, 47.424864846727587 ], [ 34.285058788584941, 47.424594971905421 ], [ 34.284793677922458, 47.424597943614522 ], [ 34.284787110337923, 47.424328068750988 ], [ 34.28346156316006, 47.424342917963699 ], [ 34.283455002442381, 47.424073042947256 ], [ 34.283189894233772, 47.424076010923265 ], [ 34.283170216716123, 47.423266385709574 ], [ 34.282640008297001, 47.423272319655773 ], [ 34.282633452023688, 47.423002444501904 ], [ 34.282368349104722, 47.423005410527836 ], [ 34.282361794280959, 47.422735535332663 ], [ 34.282229243482668, 47.422737018101884 ], [ 34.282227058788301, 47.422647059695869 ], [ 34.281829407006924, 47.422651507070341 ], [ 34.281816303125602, 47.422111756519264 ], [ 34.282081401615514, 47.422108791811837 ], [ 34.282083586020626, 47.42219875023148 ], [ 34.282348684919533, 47.422195784901938 ], [ 34.282339945557162, 47.421835951251559 ], [ 34.28247249408799, 47.421834468375536 ], [ 34.282468124019019, 47.421654551550667 ], [ 34.282203027849498, 47.421657517130932 ], [ 34.282196474179585, 47.421387641854544 ], [ 34.282726663768095, 47.421381710136885 ], [ 34.282628329542717, 47.417333580212087 ], [ 34.282893403964728, 47.41733061385191 ], [ 34.282906516662528, 47.417870364627781 ], [ 34.283436670794487, 47.417864429957753 ], [ 34.283548190166591, 47.422452308431794 ], [ 34.283813290186409, 47.422449339703746 ], [ 34.283819852362612, 47.422719214759113 ], [ 34.284084953694141, 47.422716245390333 ], [ 34.284089329434082, 47.422896162067843 ], [ 34.283956778322242, 47.422897646838145 ], [ 34.283958965982436, 47.422987605179294 ], [ 34.284356619963226, 47.422983150394842 ], [ 34.284358808311111, 47.423073108720551 ], [ 34.284226256769102, 47.423074593806575 ], [ 34.284230633045325, 47.423254510462833 ], [ 34.285158496776283, 47.423244111578086 ], [ 34.285165066009917, 47.423513986453592 ], [ 34.285430171191685, 47.42351101393681 ], [ 34.285436741875117, 47.423780888770942 ], [ 34.285701848368618, 47.423777915613378 ], [ 34.285706229780168, 47.423957832143373 ], [ 34.285573676087324, 47.423959318808073 ], [ 34.285575866583322, 47.424049277075476 ], [ 34.285973528307117, 47.424044816607754 ], [ 34.285975719490871, 47.424134774859695 ], [ 34.285843165367858, 47.424136261840147 ], [ 34.285847547315832, 47.424316178348874 ], [ 34.286775429113661, 47.424305766202913 ], [ 34.286782006855276, 47.424575640857 ], [ 34.287577337758684, 47.424566710100969 ], [ 34.287583919658879, 47.424836584657733 ], [ 34.288379254242109, 47.424827648301779 ], [ 34.28838584030099, 47.425097522761149 ], [ 34.286397492967424, 47.425119853518133 ], [ 34.286404068964643, 47.425389728173769 ], [ 34.28587383989624, 47.425395677275603 ] ] ] } },
{ "type": "Feature", "properties": { "area_km2": 0.0329, "name": "other_water", "code": 2 }, "geometry": { "type": "Polygon", "coordinates": [ [ [ 34.450034147579345, 47.580005632466253 ], [ 34.450029179238385, 47.579825733192976 ], [ 34.451624428347372, 47.579805551799026 ], [ 34.451616967734722, 47.579535703067371 ], [ 34.452148714320458, 47.579528971070587 ], [ 34.452141251086047, 47.579259122388521 ], [ 34.452938866506095, 47.579249019867653 ], [ 34.452931399284751, 47.578979171266845 ], [ 34.453330204783605, 47.578974117974646 ], [ 34.453322735623296, 47.578704269407659 ], [ 34.454120342198593, 47.57869415875976 ], [ 34.454112869051578, 47.578424310274109 ], [ 34.454777537451726, 47.578415880577957 ], [ 34.454780029626292, 47.578505830048307 ], [ 34.45491296349752, 47.578504143641752 ], [ 34.454905486327569, 47.578234295242034 ], [ 34.455038419504092, 47.57823260869732 ], [ 34.45508578107831, 47.57994164823122 ], [ 34.450034147579345, 47.580005632466253 ] ] ] } },
{ "type": "Feature", "properties": { "area_km2": 0.0123, "name": "other_water", "code": 2 }, "geometry": { "type": "Polygon", "coordinates": [ [ [ 34.161613543020536, 47.400357286305571 ], [ 34.161607610047277, 47.400087397889159 ], [ 34.16041511016995, 47.400099476441603 ], [ 34.160413134560486, 47.40000951359535 ], [ 34.160015635105303, 47.400013537010871 ], [ 34.160011685267861, 47.399833611288763 ], [ 34.164384159648634, 47.39978927820507 ], [ 34.164390106739333, 47.400059166369687 ], [ 34.162800109147945, 47.400075306934589 ], [ 34.162806048208616, 47.400345195237456 ], [ 34.161613543020536, 47.400357286305571 ] ] ] } },
{ "type": "Feature", "properties": { "area_km2": 0.0024, "name": "other_water", "code": 2 }, "geometry": { "type": "Polygon", "coordinates": [ [ [ 34.282098180571559, 47.41733951109422 ], [ 34.28208507637774, 47.416799760097433 ], [ 34.282615219933923, 47.4167938293267 ], [ 34.282628329542717, 47.417333580212087 ], [ 34.282098180571559, 47.41733951109422 ] ] ] } },
{ "type": "Feature", "properties": { "area_km2": 0.0006, "name": "other_water", "code": 2 }, "geometry": { "type": "Polygon", "coordinates": [ [ [ 34.281820004536101, 47.416802724563716 ], [ 34.281813453935889, 47.416532849017308 ], [ 34.28207852442381, 47.416529884578871 ], [ 34.28208507637774, 47.416799760097433 ], [ 34.281820004536101, 47.416802724563716 ] ] ] } }
]
}
